id,inventory_number,title_en,title_ar,from_en,from_ar,desc_en,desc_ar,date_en,date_ar,dimensions_en,dimensions_ar,section_en,section_ar,hall_en,hall_ar,material_en,material_ar,info_en1,info_ar1,info_en2,info_ar2,info_en3,info_ar3,info_en4,info_ar4,info_en5,info_ar5,video_url,dsc_en1,dsc_ar1,dsc_en2,dsc_ar2,dsc_en3,dsc_ar3,dsc_en4,dsc_ar4,dsc_en5,dsc_ar5,reel_url,reel_url2,reel_url3,video_url2,video_url3,LINK,QR,registered_en,registered_ar,acquisition_en,acquisition_ar,catalogue_no,catalogue_page
11612,Inv. no. 11612,Panel,لوح,From the cemeteries of ‘Ayn al-Sira,من جبانات عين الصيرة,"Carved and painted panel in the beveled style, featuring a central cordiform flanked by abstract foliate motifs within a rectangular frame composed of elongated oval cartouches with incised lines and small pierced holes. While rooted in Samarra Style C, it reveals a distinctly local sensibility: symmetrical curves and projecting pierced forms recall Ancient Egyptian depictions of radiating solar rays, reflecting continuity from Ancient Egypt through Greco-Roman, Coptic, and early Islamic periods. Similar motifs appear centuries later, notably on the Ottoman-era minbar in the mosque of Muhammad ‘Ali (1848) in the Cairo Citadel. Incomplete and bearing substantial dents along its edges, this panel nevertheless preserves the dialogue between imperial style and local convention, and its material traces testify to its original architectural function and long history.",لوح ملون ومحفور بالأسلوب المائل، يتوسطه عنصر قلبى الشكل تحيط به زخارف نباتية مجردة داخل إطار مستطيل يتكون من جامات بيضاوية تتخللها خطوط محفورة وثقوب نافذة دقيقة. وتنسب هذه الحشوة إلى طراز سامراء (ج)، إلا أنه يكشف عن تأثيرات محلية واضحة؛ إذ تستحضر الانحناءات المتناظرة والعناصر البارزة المثقوبة تصويرات مصرية قديمة لأشعة الشمس المشعة، بما يعكس استمرارية من العصر المصرى القديم مرورا بالعصرين اليونانى الرومانى والقبطى وصولا إلى الفترة المبكرة من العصر الإسلامى. كما تظهر زخارف مماثلة بعد قرون لاحقة، ولا سيما على منبر مسجد محمد على (١٨٤٨ م) بقلعته فى القاهرة، والذى ينتمى إلى العصر العثمانى. وعلى الرغم من عدم اكتمال هذا اللوح وما يحمله من تلفيات واضحة على حوافه، فإنه يحفظ الحوار بين الأسلوب الإمبراطورى والتقاليد المحلية، كما تشهد آثاره المادية على وظيفته المعمارية الأصلية واستخدامه عبر التاريخ.,"Tulunid or Abbasid, mid-2nd to early 4th centuries AH / 9th-early 10th centuries CE",طولونى أو عباسى، منتصف القرن الثانى - أوائل القرن الرابع الهجرى / القرن التاسع - أوائل القرن العاشر الميلادى,W: 70 cm; H: 20 cm,العرض: ٧٠ سم، الطول: ٢٠ سم,,,,,,,,,,,,,,,,,,,,,,,,,,,,,,,,,https://mia.nadimfoundation.org/q11612,"=IMAGE(""https://api.qrserver.com/v1/create-qr-code/?size=300x300&margin=8&color=06444C&bgcolor=EAE8D8&data=""&ENCODEURL(AS2))","Registered January 1, 1923",سجل فى ١ يناير ١٩٢٣,,,,41
4618,Inv. no. 4618,Panel,لوح,,,"Carved panel, partially preserved, with beveled-style decoration composed of a deeply carved trefoil flanked by kidney-shaped leaves set within semi-undulating palmettes. Terminal palmettes divide into three leaves, and a narrow rectangular border composed of oval cartouches with incised lines and small pierced holes framing the composition.",لوح خشبى محفور وغير مكتمل، مزخرف بأسلوب الحفر المائل، تتكون زخارفه من ورقة نباتية ثلاثية الفصوص، محورة عن الطبيعة ومحفورة بعمق، تحفها أوراق كلوية الشكل ضمن أنصاف سعيفات النخيل شبه متموجة. تنقسم السعيفات النخيلية الطرفية إلى ثلاث أوراق، ويؤطر التكوين مستطيل ضيق يتألف من خراطيش بيضاوية محفورة، تتخللها خطوط دقيقة وثقوب صغيرة نافذة.,"Tulunid or Abbasid, mid-2nd to early 4th centuries AH / 9th-early 10th centuries CE",طولونى أو عباسى، منتصف القرن الثانى - أوائل القرن الرابع الهجرى / القرن التاسع - أوائل القرن العاشر الميلادى,W: 86 cm; H: 24.8 cm,العرض: ٨٦ سم، الطول: ٢٤٫٨ سم,,,,,,,,,,,,,,,,,,,,,,,,,,,,,,,,,https://mia.nadimfoundation.org/q4618,"=IMAGE(""https://api.qrserver.com/v1/create-qr-code/?size=300x300&margin=8&color=06444C&bgcolor=EAE8D8&data=""&ENCODEURL(AS3))","Registered April 29, 1909",سجل فى ٢٩ أبريل ١٩٠٩,"Purchased from Maurice Nahman, antiquities dealer",مشترى من موريس نهمان,,43
3469,Inv. no. 3469,Panel,لوح,,,"Carved panel in the beveled style, with decoration in two bands: the upper band contains a Kufic inscription closely mirroring the foundation inscription of Ibn Tulun’s mosque, with the sin (س) reflecting the emergence of floriated Kufic script, and ‘ain (ع) in السعادة (al-sa‘ada, “happiness”), rendered as a three-petaled flower reminiscent of depictions of Pharaonic lotuses. Below, curvilinear pear-shaped motifs alternate with cordiforms inscribed with trefoils, recalling similar stucco and wood panels from Samarra and Cairo e.g., MIA Inv. No. 13849; MET Inv. No. 31.119.1-2. The precise symmetry and delicately incised edges reflect meticulous attention to proportion and visual balance.",لوح محفور بالأسلوب المائل، تتوزع زخرفته على شريطين: يحتوى الشريط العلوى على نقش بالخط الكوفى يحاكى عن كثب نص التأسيس فى مسجد ابن طولون، إذ يعكس حرف السين (س) بدايات ظهور الخط الكوفى المورق، بينما صور حرف العين (ع) فى كلمة (السعادة) على هيئة زهرة ثلاثية البتلات مستوحاة من زهرة اللوتس من الفن المصرى القديم. أما الشريط السفلى، فتتناوب فيه زخارف منحنية كمثرية الشكل مع عناصر قلبية بداخلها ورقيات ثلاثية الفصوص، مما يذكر بالألواح الجصية والخشبية المماثلة من سامراء والقاهرة مثل القطعة رقم ١٣٨٤٩ بمتحف الفن الإسلامى، والقطعة رقم ٣١٫١١٩٫١-٢ بمتحف المتروبوليتان. وتعكس الدقة فى التناظر والحواف المحفورة بعناية فائقة بالنسب والتوازن البصرى.,"Tulunid or Abbasid, mid-2nd to early 4th centuries AH / 9th-early 10th centuries CE",طولونى أو عباسى، منتصف القرن الثانى - أوائل القرن الرابع الهجرى / القرن التاسع - أوائل القرن العاشر الميلادى,W: 83 cm; H: 23 cm,العرض: ٨٣ سم، الطول: ٢٣ سم,,,,,,,,,,,,,,,,,,,,,,,,,,,,,,,,,https://mia.nadimfoundation.org/q3469,"=IMAGE(""https://api.qrserver.com/v1/create-qr-code/?size=300x300&margin=8&color=06444C&bgcolor=EAE8D8&data=""&ENCODEURL(AS4))",,,,,,43
9520,Inv. no. 9520,Panel,لوح,From the cemeteries of ‘Ayn al-Sira,من جبانات عين الصيرة,"Wooden panel, possibly a door lintel, comprising two decorative inlays decorated in the beveled style. Each features a non-symmetrical, chalice-like arrangement of undulating scrolls, teardrop motifs with Sasanian “pearl” bands, and finely incised and pierced details. Despite their individual asymmetry, the compositions echo one another across the panel, creating a harmonious composition.",لوح خشبى، يرجح أنه عتب باب، يضم حشوتين زخرفيتين مطعمتين ومنفذتين بالأسلوب المائل. تزدان كل حشوة بتكوين غير متماثل يشبه الكأس، يتألف من فروع نباتية دقيقة متموجة وملتوية، وعناصر على شكل قطرات دمعية محاطة بأشرطة لؤلؤية ساسانية الطراز، وتفاصيل دقيقة محفورة ومثقوبة. وعلى الرغم من عدم تماثل كل حشوة على حدة، إلا أن التكوينات تحاكى بعضها البعض عبر اللوح، مما يخلق تكوينا بصريا متناغما.,"Tulunid or Abbasid, mid-2nd to early 4th centuries AH / 9th-early 10th centuries CE",طولونى أو عباسى، منتصف القرن الثانى - أوائل القرن الرابع الهجرى / القرن التاسع - أوائل القرن العاشر الميلادى,W: 59.3 cm; H: 202.5 cm,العرض: ٥٩٫٣ سم، الطول: ٢٠٢٫٥ سم,,,,,,,,,,,,,,,,,,,,,,,,,,,,,,,,,https://mia.nadimfoundation.org/q9520,"=IMAGE(""https://api.qrserver.com/v1/create-qr-code/?size=300x300&margin=8&color=06444C&bgcolor=EAE8D8&data=""&ENCODEURL(AS5))","Registered February 1, 1931",سجل فى ١ فبراير ١٩٣١,,,,44
9898,Inv. no. 9898,Panel,حشوة,"From the cemeteries of ‘Ayn al-Sira, Area 3",من جبانات عين الصيرة، المنطقة ٣,"Wooden panel, decorated at its center with a prominent beveled composition: a central seven-lobed leaf with downward-curling lateral lobes, flanked by abstracted curling leaves and vines. The design is carved in relief with deep pierced elements, incised lines, and small circular bosses scattered across the surface.",تصميم خشبى، يتوسطه تكوين بارز بالأسلوب المائل: يتألف من ورقة نباتية مركزية سباعية الفصوص، ذات فصوص جانبية ملتفة للأسفل، تحفها أوراق وفروع نباتية محورة ومجردة. التكوين محفور حفرا بارزا، يتضمن عناصر محفورة بعمق، وخطوطا محزوزة، وحبيبات دائرية صغيرة متناثرة على السطح.,"Tulunid or Abbasid, mid-2nd to early 4th centuries AH / 9th-early 10th centuries CE",طولونى أو عباسى، منتصف القرن الثانى - أوائل القرن الرابع الهجرى / القرن التاسع - أوائل القرن العاشر الميلادى,W: 40.5 cm; H: 30 cm,العرض: ٤٠٫٥ سم، الطول: ٣٠ سم,,,,,,,,,,,,,,,,,,,,,,,,,,,,,,,,,https://mia.nadimfoundation.org/q9898,"=IMAGE(""https://api.qrserver.com/v1/create-qr-code/?size=300x300&margin=8&color=06444C&bgcolor=EAE8D8&data=""&ENCODEURL(AS6))","Registered August 16, 1931",سجل فى ١٦ أغسطس ١٩٣١,,,,45
4132-4133,"Inv. no. 4132, 4133",Panels,لوحان,From the complex of Sultan Qalawun (683-84 AH / 1284-85 CE),من مجمع السلطان قلاوون (٦٨٣-٦٨٤ هـ / ١٢٨٤-١٢٨٥ م),"Carved in the beveled style on both sides, these two panels bear traces of successive interventions: earlier motifs on the reverse were flattened in order to affix them to a backing, allowing the refined designs on the obverse to be displayed. Their recorded provenance from the complex of Sultan Qalawun is intriguing: the beveled style had fallen out of fashion by the time the complex was built in the Mamluk period, leaving open the question of whether the panels were original to the site or had found their way there from elsewhere.",قطعتان من الخشب محفورتان بالأسلوب المائل على الوجهين، وتحملان آثار تدخلات فنية متعاقبة، إذ يبدو أن الزخارف الأقدم على الوجه الخلفى قد جرى تسويتها لتثبيتها على حائط أو دعامة، مما يسمح بظهور التصاميم الأكثر إتقانا على الوجه الأمامى للقطعة. إلا أن منشأها المسجل بالمتحف، والذى يربطها بمجمع قلاوون يثير التساؤل؛ لأن أسلوب الحفر المائل لم يعد مستخدما وقت تشييد المجمع فى العصر المملوكى، ولهذا يبقى السؤال مفتوحا، هل كانت هذه الألواح أصلية فى الموقع أم أنها وصلت إليه من مكان آخر.,"Tulunid, 3rd century AH / 9th century CE",طولونى، القرن الثالث الهجرى / القرن التاسع الميلادى,W: 42 cm; H: 20.8 cm,العرض: ٤٢ سم، الطول: ٢٠٫٨ سم,,,,,,,,,,,,,,,,,,,,,,,,,,,,,,,,,https://mia.nadimfoundation.org/q4132-4133,"=IMAGE(""https://api.qrserver.com/v1/create-qr-code/?size=300x300&margin=8&color=06444C&bgcolor=EAE8D8&data=""&ENCODEURL(AS7))","Registered April 25, 1914",سجلا فى ٢٥ أبريل ١٩١٤,,,,46
6853,Inv. no. 6853,Panel,لوح,Recovered during an inventory of the holdings in the Museum of Arab Antiquities,استخرج أثناء جرد لمقتنيات متحف الآثار العربية,"Wooden panel carved with a composition of large arches and dwarf arcades flanking a central medallion containing a prominent tree, perhaps a Cypress representing a “tree of life”. The upper band bears a repeated inscription of the word Allah, rendered without the initial alif in each instance. The carving is notable for its angular, faceted treatment.",جزء من حشوة خشبية مزخرفة بعقود نصف دائرية كبيرة تتداخل مع بعضها البعض لتنتج عقودا أصغر، وتحيط بجامة دائرية تضم شجرة بارزة، ربما تكون شجرة سرو تمثل «شجرة الحياة». ويحمل الشريط العلوى نقشا مكررا للفظ الجلالة «للها» دون كتابة الألف الأولى ويتميز النحت هنا بالأسلوب المضلع الذى اعتمد على تجريد العناصر النباتية وتحويلها إلى تكوينات زخرفية متكررة تعتمد على الخطوط والزوايا.,"Abbasid, early 3rd century AH / early 9th century CE",عباسى، أول القرن الثالث الهجرى / أول القرن التاسع الميلادى,W: 68 cm; H: 39 cm,العرض: ٦٨ سم، الطول: ٣٩ سم,,,,,,,,,,,,,,,,,,,,,,,,,,,,,,,,,https://mia.nadimfoundation.org/q6853,"=IMAGE(""https://api.qrserver.com/v1/create-qr-code/?size=300x300&margin=8&color=06444C&bgcolor=EAE8D8&data=""&ENCODEURL(AS8))",,,,,,47
8367-2,Inv. no. 8367/2,Panel,لوح,"From the Southern Cemetery, in the vicinity of the mausoleum of Imam al-Shafi‘i",من جبانة الجنوب، بالقرب من ضريح الإمام الشافعى,"Panel, possibly from a ceiling, carved with a central hexagon enclosing a large inset rosette with hollow center, surrounded by a meander pattern of hooked crosses and triangles inscribed within a larger dodecagon of twelve sides.",لوح ذو حفر عميق، ربما من سقف، بتكوين يتضمن شكلا سداسيا مركزيا يضم وردة داخلية أكبر ذات مركز مجوف، تحيط بها زخارف على هيئة نمط متاهة معروف باسم «المياندر»، ويتكون من تصاميم لصلبان معقوفة ومثلثات، نقشت داخل شكل اثنى عشرى يحتويها كاملة.,"Umayyad or Abbasid, late 1st to late 2nd centuries AH / 8th century CE",أموى أو عباسى، أواخر القرن الأول - أواخر القرن الثانى الهجرى / القرن الثامن الميلادى,W: 53.8 cm; H: 21.5 cm,العرض: ٥٣٫٨ سم، الطول: ٢١٫٥ سم,,,,,,,,,,,,,,,,,,,,,,,,,,,,,,,,,https://mia.nadimfoundation.org/q8367-2,"=IMAGE(""https://api.qrserver.com/v1/create-qr-code/?size=300x300&margin=8&color=06444C&bgcolor=EAE8D8&data=""&ENCODEURL(AS9))","Registered March 3, 1929",سجل فى ٣ مارس ١٩٢٩,Purchased from Muammad Sa‘id,مشترى من محمد سعيد,,48
16466,Inv. no. 16466,Panel,لوح,,,"A wooden panel, partially preserved, with shallow relief decoration comprising a simple vegetal scroll interspersed with faunal motifs, including gazelles and other small four-legged animals, and birds.",جزء من لوح خشبى، يضم زخارف محفورة حفرا غائرا تتكون من التفاف نباتى بسيط تتخلله عناصر حيوانية، تشمل غزلانا وحيوانات أخرى رباعية الأرجل، بالإضافة إلى طيورا.,"Fatimid, 4th-6th centuries AH / 10th-12th centuries CE",فاطمى، القرن الرابع - القرن السادس الهجرى / القرن العاشر - القرن الثانى عشر الميلادى,W: 92 cm; H: 12.4 cm,العرض: ٩٢ سم، الطول: ١٢٫٤ سم,,,,,,,,,,,,,,,,,,,,,,,,,,,,,,,,,https://mia.nadimfoundation.org/q16466,"=IMAGE(""https://api.qrserver.com/v1/create-qr-code/?size=300x300&margin=8&color=06444C&bgcolor=EAE8D8&data=""&ENCODEURL(AS10))",,,,,,49
2112,Inv. no. 2112,Panel,لوح,From the mausoleum of Imam al-Shafi‘i (607-08 AH / 1211 CE),من ضريح الإمام الشافعى (٦٠٧-٦٠٨ هـ / ١٢١١ م),"Recovered from the mausoleum of Imam al-Shafi‘i (607-08 AH / 1211 CE), this panel features a geometric strapwork pattern of stars enclosing winged mythological creatures, possibly pegasi or griffins. The undecorated reverse suggests the panel was reused as a plain wooden element, likely removed from an earlier Fatimid structure. Panel Inv. No. 2111, also in the Museum’s collection, is closely related to this piece.",استخرج هذا اللوح من ضريح الإمام الشافعى (٦٠٧-٦٠٨ هـ / ١٢١١ م)، ويتميز بزخرفة هندسية من الإنانات (تصاميم شريطية) تتشكل على هيئة نجوم، تضم داخلها كائنات أسطورية مجنحة يحتمل أن تكون خيولا مجنحة (بيجاسوس أو جريفينات). ويشير الوجه الخلفى غير المزخرف إلى أن اللوح أعيد استخدامه كعنصر خشبى بسيط، ويرجح أنه نقل من منشأة فاطمية أقدم. ويرتبط هذا اللوح ارتباطا وثيقا بالقطعة رقم ٢١١١ المحفوظة أيضا ضمن مقتنيات المتحف.,"Fatimid, 5th century AH / 11th century CE",فاطمى، القرن الخامس الهجرى / القرن الحادى عشر الميلادى,W: 13 cm; H: 45.8 cm,العرض: ١٣ سم، الطول: ٤٥٫٨ سم,,,,,,,,,,,,,,,,,,,,,,,,,,,,,,,,,https://mia.nadimfoundation.org/q2112,"=IMAGE(""https://api.qrserver.com/v1/create-qr-code/?size=300x300&margin=8&color=06444C&bgcolor=EAE8D8&data=""&ENCODEURL(AS11))",,,,,,49
14600,Inv. no. 14600,Panel,لوح,,,"A rectangular wooden panel featuring a centrally placed seated figure holding a cup, set within dense scrolling arabesques punctuated with trefoils and cordiforms. The figure, depicted in three-quarter view, is a common type in Fatimid art, linked to themes of ceremonial or courtly life.",لوح خشبى مستطيل يتوسطه شخص جالس يحمل كأسا، ضمن أرابيسك كثيف ملتف تتخلله زخارف ثلاثية الفصوص وعناصر قلبية الشكل. ويصور الشخص بزاوية ثلاثة أرباع، وهو نموذج شائع فى الفن الفاطمى يرتبط بموضوعات الحياة الاحتفالية أو البلاطية.,"Fatimid, 4th-6th centuries AH / 10th-12th centuries CE",فاطمى، القرن الرابع - القرن السادس الهجرى/ القرن العاشر - القرن الثانى عشر الميلادى,W: 22 cm; H: 35.5 cm,العرض: ٢٢ سم، الطول: ٣٥٫٥ سم,,,,,,,,,,,,,,,,,,,,,,,,,,,,,,,,,https://mia.nadimfoundation.org/q14600,"=IMAGE(""https://api.qrserver.com/v1/create-qr-code/?size=300x300&margin=8&color=06444C&bgcolor=EAE8D8&data=""&ENCODEURL(AS12))","Registered July 27, 1941",سجل فى ٢٧ يوليو ١٩٤١,"Purchased from Nicolas G. or Phokion J. Tano, antiquities dealers",مشترى من نيكولا ج. أو فوكيون ج. تانو، تاجرى آثار,,54
16343,Inv. no. 16343,Panel,لوح,,,"Small wooden panel, tapering toward the top and divided into three fields. The central field is occupied by an elegantly carved gazelle with curving antlers, set upon a simple vegetal-scroll ground, while the flanking fields feature more dense yet restrained scrolling vegetal motifs. The composition conveys a sense of natural, flowing movement.",لوح خشبى صغير، يضيق تدريجيا نحو الأعلى، ومقسم إلى ثلاثة حقول زخرفية. يشغل الجزء الأوسط غزال منحوت بأناقة ذا قرون منحنية، يرتكز على أرضية من زخارف نباتية ملتفة بسيطة، بينما يحتوى الجزءان الجانبيان على زخارف نباتية ملتفة كثيفة ولكنها محكومة ومنضبطة. وتتضافر هذه العناصر جميعا لتمنح إحساسا بالحركة الطبيعية المنسابة.,"Fatimid, 5th century AH / 11th century CE",فاطمى، القرن الخامس الهجرى / القرن الحادى عشر الميلادى,W: 4 cm; H: 10 cm,العرض: ٤ سم، الطول: ١٠ سم,,,,,,,,,,,,,,,,,,,,,,,,,,,,,,,,,https://mia.nadimfoundation.org/q16343,"=IMAGE(""https://api.qrserver.com/v1/create-qr-code/?size=300x300&margin=8&color=06444C&bgcolor=EAE8D8&data=""&ENCODEURL(AS13))","Registered October 27, 1949",سجل فى ٢٧ أكتوبر ١٩٤٩,Purchased from Abdallah Michael,مشترى من عبد للها ميخائيل,,55
14110,Inv. no. 14110,Openwork Panel,لوح مفرغ,,,"Openwork panel carved in varying levels of relief, featuring two elegantly affronted bird heads that together form a heart shape, surmounted by a trefoil arch. The Museum’s collection includes two similarly rendered birds, both registered under Inv. No. 4800 and dated to the 11th century (5th century AH).",لوح مفرغ منحوت بمستويات متفاوتة من البروز، يتضمن رأسى طائرين متقابلين بأناقة يشكلان معا هيئة قلب، تعلوهما قنطرة ثلاثية الفصوص. وتضم مجموعة المتحف طائرين منفذين بأسلوب مماثل، كلاهما مسجلان برقم ٤٨٠٠، ويعود تاريخهما إلى القرن الخامس الهجرى، والحادى عشر الميلادى.,"Fatimid, 5th century AH / 11th century CE",فاطمى، القرن الخامس الهجرى / القرن الحادى عشر الميلادى,W: 5.5 cm; H: 10.5 cm,العرض: ٥٫٥ سم، الطول: ١٠٫٥ سم,,,,,,,,,,,,,,,,,,,,,,,,,,,,,,,,,https://mia.nadimfoundation.org/q14110,"=IMAGE(""https://api.qrserver.com/v1/create-qr-code/?size=300x300&margin=8&color=06444C&bgcolor=EAE8D8&data=""&ENCODEURL(AS14))","Registered August 10, 1931",سجل فى ١٠ أغسطس ١٩٣١,,,,56
4134,Inv. no. 4134,Panel,لوح,From the complex of Sultan Qalawun (683-84 AH / 1284-85 CE),من مجمع السلطان قلاوون (٦٨٣-٦٨٤ هـ / ١٢٨٤-١٢٨٥ م),"Wooden panel, partially preserved, decorated with a lively arrangement of vegetal and faunal imagery. Both the central field and surrounding borders feature vegetal scrolls with trefoil leaves and buds, interspersed with birds and four-legged animals such as deer and rabbits. The finer details of the animals are now largely obscured, either through wear or because they were originally rendered in paint rather than carved in relief, a practice attested in other Fatimid woodwork.",جزء من لوح خشبى يزدان بتكوين جذاب ملىء بالحياة بعناصره النباتية والحيوانية. فيتسم كل من الحقل الأوسط والإطارات المحيطة به بترتيب من زخارف نباتية كثيفة وملتوية، بأغلبها أوراق ثلاثية الفصوص والبراعم، كما تتخللها طيور وحيوانات رباعية الأرجل مثل الغزلان والأرانب. وقد طمست تفاصيل هذه الحيوانات، إما نتيجة التآكل، أو لأنها ربما نفذت فى الأصل بالطلاء بدلا من النحت، وهى ممارسة موثقة فى نماذج أخرى من الأعمال الخشبية الفاطمية.,"Fatimid, c. 540 AH / 1058 CE",فاطمى، حوالى سنة ٥٤٠ هـ / ١٠٥٨ م,W: 71.8 cm; H: 43 cm,العرض: ٧١٫٨ سم، الطول: ٤٣ سم,,,,,,,,,,,,,,,,,,,,,,,,,,,,,,,,,https://mia.nadimfoundation.org/q4134,"=IMAGE(""https://api.qrserver.com/v1/create-qr-code/?size=300x300&margin=8&color=06444C&bgcolor=EAE8D8&data=""&ENCODEURL(AS15))",,,,,,57
3196,Inv. no. 3196,Frieze,إفريز,From the complex of Sultan Qalawun (683-84 AH / 1284-85 CE),من مجمع السلطان قلاوون (٦٨٣-٦٨٤ هـ / ١٢٨٤-١٢٨٥ م),"Long wooden frieze, recovered from the complex of Sultan Qalawun (683-84 AH / 1284-85 CE). The reverse, dated to the Fatimid period and likely displayed in the Fatimid Lesser (Western) Palace that once occupied the site, features relief-carved human and animal figures set within geometric frames with infills of scrolling arabesques; the figures are rendered primarily in outline, suggesting that their finer details were originally completed in paint. The obverse bears markedly finer decoration of large vine scrolls enclosing lobed leaves, pomegranates or grapes, and chalices, all characteristic of Umayyad-revival art in the late Ayyubid and early Mamluk periods.",إفريز خشبى طويل استخرج من مجمع السلطان المنصور سيف الدين قلاوون (٦٨٣-٦٨٤ هـ / ١٢٨٤-١٢٨٥ م). يحمل الوجه الأمامى - المؤرخ إلى العصر الفاطمى، والذى يرجح أنه كان معروضا فى القصر الفاطمى الصغير (الغربى) الذى كان قائما فى الموقع - زخارف بارزة لآدميين وحيوانات ضمن إطارات هندسية تتخللها حشوات من الأرابيسك الملتف. وقد رسمت الأشكال فى الأساس بخطوط خارجية، مما يوحى بأن تفاصيلها الدقيقة كانت تستكمل بالألوان فى الأصل. أما الوجه الخلفى فيحمل زخارف أدق بكثير - ويرجح أنها أقدم - تتمثل فى فروع نباتية متموجة من عناقيد العنب (نبات كرمة) كبيرة تحيط بأوراق مفصصة ورمان أو عناقيد عنب وكؤوس، جميعها عناصر مميزة لفن إحياء الطراز الأموى الذى ظهر فى أواخر العصر الأيوبى وبدايات العصر المملوكى.,"Obverse: late Ayyubid or early Bahri periods, 7th-8th centuries AH / mid-13th-14th centuries CE
Reverse: Fatimid period, c. 450 AH / 1058 CE","الوجه الأمامى: من أواخر العصر الأيوبى أو بدايات العصر المملوكى البحرى، القرن السابع - القرن الثامن هجريا / منتصف القرن الثالث عشر - القرن الرابع عشر ميلاديا
الوجه الخلفى: العصر الفاطمى، حوالى سنة ٤٥٠ هـ / ١٠٥٨ م",W: 223 cm; H: 35.5 cm,العرض: ٣٥٫٥ سم، الطول: ٢٢٣ سم,,,,,,,,,,,,,,,,,,,,,,,,,,,,,,,,,https://mia.nadimfoundation.org/q3196,"=IMAGE(""https://api.qrserver.com/v1/create-qr-code/?size=300x300&margin=8&color=06444C&bgcolor=EAE8D8&data=""&ENCODEURL(AS16))","Registered November 1, 1904",سجل فى ١ نوفمبر ١٩٠٤,,,,58
9519,Inv. no. 9519,Frieze,إفريز,From the cemeteries of ‘Ayn al-Sira,من مقابر عين الصيرة,"Wooden frieze, decorated with prominent relief-carved scrolls featuring lobed leaves and buds, centered upon a medallion with an inscribed motif of uncertain attribution. The panel was once likely painted, though the original details of the central motif are now obscured.",إفريز خشبى، يزدان بزخارف من فروع نباتية نفذت بالحفر البارز، تتضمن أوراقا مفصصة وبراعم، وتتمركز حول جامة دائرية بداخلها زخرفة محفورة غير محددة المعالم أو النسبة/التأريخ. ويرجح أن الإفريز كان ملونا فى الأصل، غير أن التفاصيل الأصلية للعنصر المركزى أصبحت الآن مطموسة.,"Byzantine or Early Islamic, late 1st century BH-1st century AH / 6th-7th centuries CE",بيزنطى أو بداية العصر الإسلامى، أواخر القرن الأول قبل الهجرة - القرن الأول هجريا / القرن السادس - القرن السابع ميلاديا,W: 181 cm; H: 26 cm,العرض: ١٨١ سم، الطول: ٢٦ سم,,,,,,,,,,,,,,,,,,,,,,,,,,,,,,,,,https://mia.nadimfoundation.org/q9519,"=IMAGE(""https://api.qrserver.com/v1/create-qr-code/?size=300x300&margin=8&color=06444C&bgcolor=EAE8D8&data=""&ENCODEURL(AS17))",Registered February 1934,سجل فى فبراير ١٩٣٤,,,,59
8946,Inv. no. 8946,Frieze,إفريز,From the cemeteries of ‘Ayn al-Sira,من مقابر عين الصيرة,"Wooden panel, carved with scrolling vegetal motifs enclosing prominent five-petalled flowers.",لوح خشبى محفور بزخارف نباتية ملتفة يتخللها زهور بارزة خماسية البتلات.,"Umayyad or Abbasid, 2nd century AH / 8th century CE",أموى أو عباسى، القرن الثانى الهجرى / القرن الثامن الميلادى,W: 75 cm; H: 16 cm,العرض: ٧٥ سم، الطول: ١٦ سم,,,,,,,,,,,,,,,,,,,,,,,,,,,,,,,,,https://mia.nadimfoundation.org/q8946,"=IMAGE(""https://api.qrserver.com/v1/create-qr-code/?size=300x300&margin=8&color=06444C&bgcolor=EAE8D8&data=""&ENCODEURL(AS18))","Registered December 4, 1929",سجل فى ٤ ديسمبر ١٩٢٩,,,,59
4749,Inv. no. 4749,Panel,لوح,From the ruins of al-Fustat,من أطلال الفسطاط,"Panel of a reddish wood, carved in relief with two merged hexagons filled with a lively, asymmetrical arrangement of arabesques based on half-palmettes and trefoil leaves, ornamented with further carved scrolls.",حشوة خشبية يميل لونها إلى الحمرة، نفذت بأسلوب النحت البارز، تتضمن شكلين سداسيين مدمجين ومملوءين بترتيب حيوى غير متماثل من زخارف الأرابيسك تتخللها أنصاف سعيفات نخيلية وأوراق نباتية ثلاثية الفصوص، وتزدان كذلك بفروع نباتية إضافية محفورة.,,,W: 7 cm; H: 12.5 cm,العرض: ٧ سم، الطول: ١٢٫٥ سم,,,,,,,,,,,,,,,,,,,,,,,,,,,,,,,,,https://mia.nadimfoundation.org/q4749,"=IMAGE(""https://api.qrserver.com/v1/create-qr-code/?size=300x300&margin=8&color=06444C&bgcolor=EAE8D8&data=""&ENCODEURL(AS19))","Registered December 20, 1918",سجل فى ٢٠ ديسمبر ١٩١٨,,,,60
1585,Inv. no. 1585,Frieze,إفريز,From the madrasa of Tatar al-Higzaiyya,من مدرسة تتر الحجازية,"Wooden panel, likely part of a longer frieze, with a repeating pattern of reciprocal polylobed arches inscribed with smaller ogee arches, trilobed fleurons, bifurcated leaves, and buds. The remains of polychromy in green and red attest to the once brightly colored appearance of the panel.",لوح خشبى، يرجح أنه كان جزءا من إفريز أطول، يزدان بنمط متكرر جميل من عقود متعددة الفصوص متقابلة، تتضمن بداخلها عقودا أصغر على شكل قوس ذى انحناء مزدوج (قوس الأوجى)، وزهورا ثلاثية الفصوص، وأوراقا متشعبة الطرفين وبراعم. وتشهد آثار اللونين الأخضر والأحمر على أن اللوح كان فى الأصل ذا مظهر زاه ومشرق الألوان.,"Bahri Mamluk, 761-62 AH / 1360 CE",مملوكى بحرى، ٧٦١-٧٦٢ هـ / ١٣٦٠ م,W: 81 cm; H: 24 cm,العرض: ٨١ سم، الطول: ٢٤ سم,,,,,,,,,,,,,,,,,,,,,,,,,,,,,,,,,https://mia.nadimfoundation.org/q1585,"=IMAGE(""https://api.qrserver.com/v1/create-qr-code/?size=300x300&margin=8&color=06444C&bgcolor=EAE8D8&data=""&ENCODEURL(AS20))",,,,,,61
479,Inv. no. 479,Spandrel from an Archway,قائم بجزء من عقد,From the khanqah of Baybars al-Gashankir,من خانقاه بيبرس الجاشنكير,"This spandrel, originating from the khanqah founded by Sultan Baybars al-Gashankir (709-10 AH / 1309-10 CE), likely formed part of the frame surrounding the front doors of a minbar, although the original minbar itself no longer survives. The carvings, typical of the Ayyubid and Mamluk periods, feature scrolling arabesques, trilobed fleurons, large leaves, and downward curling buds rendered in relief. Comparable motifs appear on the spandrils of the mausoleum’s keel-arched entrance, set within a perforated screen executed in maymouni-style woodturning. The Museum also houses two other wooden pieces from the khanqah: a cupboard, Inv. No. 478, and a window shutter with its frame and leaves, Inv. No. 480, the latter suspected to have been reused from a Fatimid palace on the same site.",هذه القطعة التى تعود إلى الخانقاه التى أسسها السلطان بيبرس الجاشنكير ( ٧٠٩-٧١٠ هـ / ١٣٠٩-١٣١٠ م)، كانت تشكل على الأرجح جزءا من الإطار المحيط بالأبواب الأمامية للمنبر، على الرغم من أن المنبر الأصلى نفسه لم يعد موجودا. وتزدان القطعة بالتصاميم الزخرفية التى سادت فى العصرين الأيوبى والمملوكى، حيث تشمل أرابيسك ملتفا، وزهورا ثلاثية الفصوص، وأوراقا نباتية كبيرة، وبراعم ملتفة نحو الأسفل منفذة بحفر بارز. وتظهر زخارف مماثلة فى ركنيات (حنيات) مدخل الضريح ذى العقد المنكسر، ضمن حجاب مفرغ منفذ بأسلوب الخرط الخشبى من النوع الميمونى. كما يضم المتحف أيضا قطعتين خشبيتين أخريين من الخانقاه وهما: خزانة، رقم تسجيل ٤٧٨، ومصراع نافذة بإطاره وضلفتيه، رقم تسجيل ٤٨٠، ويرجح أن الأخيرة أعيد استخدامها من قصر فاطمى كان قائما فى الموقع نفسه.,"Bahri Mamluk, 709-10 AH / 1309-10 CE",مملوكى بحرى، ٧٠٩-٧١٠ هـ / ١٣٠٩-١٣١٠ م,W: 17.5 cm; H: 181 cm,العرض: ١٧٫٥ سم، الطول: ١٨١ سم,,,,,,,,,,,,,,,,,,,,,,,,,,,,,,,,,https://mia.nadimfoundation.org/q479,"=IMAGE(""https://api.qrserver.com/v1/create-qr-code/?size=300x300&margin=8&color=06444C&bgcolor=EAE8D8&data=""&ENCODEURL(AS21))",,,,,,62
466,Inv. no. 466,Spandrels from an Archway,جزء من عقدين,From the mosque of Sultan Barquq (786-88 AH / 1384-86 CE),من مسجد السلطان برقوق (٧٨٦-٧٨٨ هـ / ١٣٨٤-١٣٨٦ م),"These spandrels, likely forming part of the front door frame of a minbar of uncertain provenance in the mosque of Sultan Barquq (786-88 AH / 1384-86 CE), are carved in relief with prominent scrolling arabesques, trilobed fleurons, large leaves, and curling buds, contrasting with the relatively plain and garishly gilded minbar currently on-site. While Sultan Barquq may have originally commissioned a minbar for the site, historical records indicate it was replaced in the mid-fifteenth century by another minbar associated with Sultan al-Zahir Jaqmaq (r. 842-57 AH / 1438-53 CE); the ultimate fate of both furnishings remains uncertain. Though removed from its original setting, this piece nevertheless conveys the subtlety of Mamluk craftsmanship and the enduring appeal of its ornamental language.",تعد هذه الأجزاء من العقود، التى يرجح أنها كانت جزءا من إطار الباب الأمامى لمنبر غير معروف الأصل فى مسجد السلطان برقوق (٧٨٦-٧٨٨ هـ / ١٣٨٤-١٣٨٦ م)، مزينة بحفر بارز لزخارف الأرابيسك الملتفة البارزة، وزهرات ثلاثية الفصوص، وأوراق شجرية كبيرة، وهى تتناقض بوضوح مع المنبر القائم حاليا فى الموقع، وهو بسيط نسبيا ومذهب بكثافة. ورغم احتمال أن السلطان برقوق قد أمر بصنع منبر أصلى للمسجد، إلا أن السجلات التاريخية تشير إلى استبداله فى منتصف القرن الخامس عشر بمنبر آخر نسب إلى السلطان الظاهر جقمق (حكم ٨٤٢-٨٥٧ هـ / ١٤٣٨-١٤٥٣ م)، فيما يبقى المصير النهائى لكلا المنبرين غير مؤكد. وعلى الرغم من فصلها عن سياقها الأصلى، فإن هذه القطعة تجسد دقة الصنعة المملوكية وجاذبية لغتها الزخرفية المستمرة.,"Burji Mamluk, 786-88 or mid-9th century AH / 1384-86 or mid-15th century CE",مملوكى برجى، ٧٨٦-٧٨٨ هـ أو منتصف القرن التاسع الهجرى، ١٣٨٤-١٣٨٦ م أو منتصف القرن الخامس عشر الميلادى,W: 73 cm; H: 23.4 cm,العرض: ٧٣ سم، الطول: ٢٣٫٤ سم,,,,,,,,,,,,,,,,,,,,,,,,,,,,,,,,,https://mia.nadimfoundation.org/q466,"=IMAGE(""https://api.qrserver.com/v1/create-qr-code/?size=300x300&margin=8&color=06444C&bgcolor=EAE8D8&data=""&ENCODEURL(AS22))",,,,,,63
467-1-2,Inv. no. 467/1-2,Panels,ألواح,,,"Two panels decorated with restrained geometric motifs. Their scale, proportions, and intricate interlocking joinery, clearly visible on the reverse, suggest they were originally part of a smaller woodworked object, such as a cupboard, chair, bench, lintel, or possibly a component of a minbar.",حشوتان مزخرفتان بتصاميم هندسية بسيطة. يشير حجمهما ونسبهما وأسلوب التعشيق المتداخل الدقيق الذى يظهر على الجهة الخلفية إلى أنهما كانتا فى الأصل جزءا من عنصر خشبى أصغر، مثل خزانة، أو كرسى، أو مقعد، أو عتب، أو ربما جزءا من منبر.,,,"467/1 - W: 54 cm; H: 36.5 cm
467/2 - W: 55 cm; H: 37.5 cm","٤٦٧/١ - العرض ٥٤ سم، الطول ٣٦٫٥ سم
٤٦٧/٢ - العرض ٥٥ سم، الطول ٣٧٫٥ سم",,,,,,,,,,,,,,,,,,,,,,,,,,,,,,,,,https://mia.nadimfoundation.org/q467-1-2,"=IMAGE(""https://api.qrserver.com/v1/create-qr-code/?size=300x300&margin=8&color=06444C&bgcolor=EAE8D8&data=""&ENCODEURL(AS23))",,,,,,70
1648,Inv. no. 1648,Panel from a Window Frame,لوح من إطار شباك,From the mausoleum of Sayyida Nafisa,من ضريح السيدة نفيسة,"This finely interlocked and carved wooden panel once formed the upper section of a window frame from the mausoleum of Sayyida Nafisa. A complete example from the same site, housed in the Museum’s permanent collection (Inv. No. 1645), suggests the two once formed a matching set. The work is generally dated to 1137-38 or 1146-47 (521-32 or 540-41 AH), corresponding to the restoration campaigns undertaken at the shrine by the Fatimid caliph al-Hafiz. Together with its intact counterpart and the celebrated portable wooden mihrab from the mausoleum (Inv. No. 421), this fragment stands as a testament to the exquisite craftsmanship of this era, showcasing the intricate interplay of geometric frameworks and luxuriant vegetal ornament, likely once complemented, as in Inv. No. 1645, by carved inscriptions.",صورة فوتوغرافية بالأبيض والأسود لإطار نافذة من ضريح السيدة نفيسة (منتصف القرن السادس الهجرى / الثانى عشر الميلادى)، رقم تسجيل ١٦٤٥. الصورة من متحف الفن الإسلامى بالقاهرة، مجموعة صور السلبيات الأرشيفية لوح خشبى معشق ومحفور بدقة، كان يشكل فى الأصل الجزء العلوى من إطار نافذة بضريح السيدة نفيسة. ويشير وجود نموذج كامل لنافذة أخرى من الموقع نفسه، محفوظ ضمن مقتنيات المتحف (رقم التسجيل ١٦٤٥)، إلا أن القطعتين كانتا تشكلان سابقا طقما مؤتلفا بغير تطابق. ويؤرخ العمل فى الغالب بالفترة ما بين (٥٣١-٥٣٢ هـ أو ٥٤٠-٥٤١ هـ / ١١٣٧-١١٣٨ م أو ١١٤٦-١١٤٧ م)، وهو ما يتوافق مع حملات الترميم التى أجريت فى المشهد برعاية الخليفة الفاطمى الحافظ لدين للها. وإلى جانب نظيرتها المكتملة والمحراب الخشبى المتنقل الشهير من الضريح (رقم التسجيل ٤٢١)، تمثل هذه القطعة شاهدا على دقة الصنعة فى تلك الحقبة، إذ تبرز التداخل المعقد بين الأطر الهندسية والزخارف النباتية الغنية، والتى كان يرجح أن تتممها كتابات محفورة، كما هو الحال فى القطعة المسجلة برقم ١٦٤٥.,"Fatimid, 531-32 or 540-41 AH / 1137-38 or 1146-47 CE",فاطمى، ٥٣١-٥٣٢ أو ٥٤٠-٥٤١ هـ / ١١٣٧-١١٣٨ أو ١١٤٦-١١٤٧ م,W: 129 cm; H: 43 cm,العرض: ١٢٩ سم، الطول: ٤٣ سم,,,,,,,,,,,,,,,,,,,,,,,,,,,,,,,,,https://mia.nadimfoundation.org/q1648,"=IMAGE(""https://api.qrserver.com/v1/create-qr-code/?size=300x300&margin=8&color=06444C&bgcolor=EAE8D8&data=""&ENCODEURL(AS24))",,,,,,72
9748,Inv. no. 9748,Wooden Panel,لوح خشبى,,,"Section of a wooden panel featuring a prominent strapwork star pattern with infills of dense arabesques and Kufic epigraphy, all carved in relief in a style indicative of an 11th-12th century (5th-6th century AH) Fatimid date. Closer examination reveals finely incised lines accentuating the vegetal forms, while the inscriptions repeat the words baraka (“blessing”) and ni‘ma (“grace”), highlighting the auspicious character of the decoration. Similar designs were also found on textiles of this period, reflecting a shared visual vocabulary across different media. The panel would likely have been affixed in a vertical position, with flanking boards completing the design, as in the central area of the portable mihrab of Sayyida Ruqayya (548-55 AH / 1154-60 CE).",جزء من إفريز خشبى يتضمن تكوينا نجميا بارزا قائما على نظام الإنان، تتخلله حشوات من أرابيسك كثيفة ونقوش كتابية كوفية، جميعها منفذة بالحفر البارز بأسلوب يعود إلى القرنين الخامس والسادس الهجريين، (القرن الحادى عشر والثانى عشر الميلادى) الموافق للعصر الفاطمى. وتكشف النظرة المدققة عن خطوط محفورة رفيعة تبرز تفاصيل العناصر النباتية، بينما تكرر النقوش كلمتى «بركة» و«نعمة»، بما يؤكد الطابع التفاؤلى للزخرفة، كما أنها أيضا وجدت على قطع النسيج فى هذه الفترة بشكل متكرر، مما يؤكد على وجود لغة بصرية مشتركة للوسائط الفنية المختلفة. ويرجح أن هذه الحشوة قد ثبتت فى وضع رأسى، محاطة بألواح خشبية أخرى لتكتمل بها صورة التصميم، تماما كما نرى فى الجزء الأوسط من محراب السيدة رقية المتنقل (٥٤٨-٥٥٥ هـ / ١١٥٤-١١٦٠ م).,,,W: 18.5 cm; H: 92 cm,العرض: ١٨٫٥ سم، الطول: ٩٢ سم,,,,,,,,,,,,,,,,,,,,,,,,,,,,,,,,,https://mia.nadimfoundation.org/q9748,"=IMAGE(""https://api.qrserver.com/v1/create-qr-code/?size=300x300&margin=8&color=06444C&bgcolor=EAE8D8&data=""&ENCODEURL(AS25))",,,Purchased from Monsieur Isidore,مشترى من مسيو إيزيدور,,74
4140,Inv. no. 4140,Door Leaf,مصراع باب,,,"Wooden door leaf decorated with diagonally oriented elongated hexagons alternating with small triangles in a pattern known locally as kirindazi. The carved pieces are decorated with symmetrical arrangements of dense vegetal scrolls, complete with trilobed fleurons — sometimes with hollow centres — leaves, and buds. Compositions of this type were widespread in Cairo from the Ayyubid period onwards.",مصراع باب خشبى مزين بحشوات مسدسة مستطيلة الشكل ذات توجيه قطرى، تتناوب مع مثلثات صغيرة ضمن نمط يعرف محليا باسم «الكرندازى». وتزدان الحشوات المطعمة بزخارف نباتية ملتفة كثيفة مرتبة فى تكوينات متناظرة، تبرز فيها وريقات ثلاثية البتلات ذات مراكز مفرغة أحيانا، إلى جانب أوراق نباتية وبراعم. ويعد هذا الأسلوب الزخرفى من السمات التى شاع استخدامها فى القاهرة منذ العصر الأيوبى وما تلاه.,"Ayyubid or Mamluk, late 6th-mid 7th centuries AH / late 12th-mid- 13th centuries CE",أيوبى أو مملوكى، أواخر القرن السادس - منتصف القرن السابع الهجرى / أواخر القرن الثانى عشر - منتصف القرن الثالث عشر الميلادى,W: 180 cm; H: 39 cm,العرض: ١٨٠ سم، الطول: ٣٩ سم,,,,,,,,,,,,,,,,,,,,,,,,,,,,,,,,,https://mia.nadimfoundation.org/q4140,"=IMAGE(""https://api.qrserver.com/v1/create-qr-code/?size=300x300&margin=8&color=06444C&bgcolor=EAE8D8&data=""&ENCODEURL(AS26))",,,,,,75
644,Inv. no. 644,Frieze,إفريز,From the mosque of al-Mu’ayyad Shaykh,من مسجد المؤيد شيخ,"A long wooden frieze, partially preserved, recovered from the mosque of al-Mu’ayyad Shaykh (818-24 AH / 1415-21 CE). The decoration is composed of large elongated hexagons subdivided into a series of smaller panels, each carved in relief with arabesque scrolls featuring trefoils, fleur-de-lys, and leaves.",جزء من إفريز خشبى طويل، استخرج من مسجد المؤيد شيخ (٨١٨-٨٢٤ هـ / ١٤١٥-١٤٢١ م). تتكون زخرفته من سداسيات كبيرة ممدودة مقسمة إلى سلسلة من ألواح أصغر، حفر كل منها بحفر بارز بزخارف أرابيسك تتضمن زهرات ثلاثية الفصوص، وزهور الزنبق، وأوراقا نباتية.,"Burji Mamluk, 818-24 AH / 1415-21 CE",مملوكى برجى، ٨١٨-٨٢٤ هـ / ١٤١٥-١٤٢١ م,W: 201 cm; H: 27.5 cm,العرض: ٢٠١ سم، الطول: ٢٧٫٥ سم,,,,,,,,,,,,,,,,,,,,,,,,,,,,,,,,,https://mia.nadimfoundation.org/q644,"=IMAGE(""https://api.qrserver.com/v1/create-qr-code/?size=300x300&margin=8&color=06444C&bgcolor=EAE8D8&data=""&ENCODEURL(AS27))",,,,,,76
3132,Inv. no. 3132,Frieze,إفريز,From the mosque of Sudun min Zadeh,من مسجد سودون من زاده,"A long wooden frieze, partially preserved, recovered from the mosque of Sudun min Zadeh (803-04 AH / 1401 CE). The fragment comprises three complete panels, with designs arranged on a grid of bisected diamonds, each containing carved rectangles and hexagonal cartouches punctuated by triangles at their midpoints, filled with small scrolls, leaves, trefoils, and buds. Large holes along its length indicate how it was once affixed to supporting structures. Removed in the late nineteenth century after the site fell into ruin, the frieze preserves a valuable fragment of the mosque’s original ornamentation.",جزء من إفريز خشبى طويل، نقل من مسجد سودون من زاده (٨٠٣-٨٠٤ هـ / ١٤٠١ م). تتكون هذه القطعة من ثلاثة ألواح كاملة، تنتظم زخارفها على شبكة من معينات مشطورة، يحتوى كل منها على مستطيلات محفورة وخرطوشات سداسية تتخللها مثلثات عند نقاط منتصفها، ومملوءة بلفائف صغيرة وأوراق وبراعم ووريقات ثلاثية. تشير الثقوب الكبيرة الممتدة على طوله إلى الكيفية التى كان يثبت بها فى الهياكل الداعمة. وقد أزيل فى أواخر القرن التاسع عشر بعد أن آل الموقع إلى الخراب، ليحفظ هذا الإفريز جزء ثمينا من الزخرفة الأصلية للمسجد.,"Burji Mamluk, 803-04 AH / 1401 CE",مملوكى برجى، ٨٠٣-٨٠٤ هـ / ١٤٠١ م,W: 182 cm; L: 26 cm,العرض: ١٨٢ سم، الطول: ٢٦ سم,,,,,,,,,,,,,,,,,,,,,,,,,,,,,,,,,https://mia.nadimfoundation.org/q3132,"=IMAGE(""https://api.qrserver.com/v1/create-qr-code/?size=300x300&margin=8&color=06444C&bgcolor=EAE8D8&data=""&ENCODEURL(AS28))",,,,,,77
431,Inv. no. 431,Panel from a Door Leaf,حشوة من مصراع باب,,,"This restored fragment of a door leaf exemplifies a Mamluk aesthetic, featuring a geometric composition of large six-pointed stars encircled by hexagons and irregular pentagons. Ivory was used both in the smaller inlays and the borders of the larger elements, all fitted using complex interlocking joinery, evidence of which remains visible on the panel’s reverse. The carved semi-naturalistic vegetal scrolls and trilobed fleurons are offset by the panel’s prevailing angular geometry.",تمثل هذه الحشوة المرممة من مصراع باب مثالا واضحا على جماليات الطراز المملوكى، إذ تتضمن تكوينا هندسيا يقوم على نجوم سداسية كبيرة تحيط بها أشكال سداسية وأخرى خماسية غير منتظمة. وقد استخدم العاج فى وحدات التطعيم الصغيرة وكذلك فى أطر العناصر الأكبر حجما، وجمعت بتقنية التعشيق المعقد، ولا تزال دلائل هذه التقنية ظاهرة على ظهر القطعة. كما يحتوى التكوين الزخرفى على زخارف نباتية محفورة ذات طابع قريب من الطبيعة تتمثل فى لفائف نباتية وعناصر زخرفية محفورة وأخرى ثلاثية الفصوص والتى تضفى قدرا من التوازن البصرى مع الطابع الحاد الذى أنتجه التكوين الهندسى، فتخفف من حدتها دون أن تخل بإحكامها البنائى.,,,W: 34.7 cm; H: 88 cm,العرض: ٣٤٫٧ سم، الطول: ٨٨ سم,,,,,,,,,,,,,,,,,,,,,,,,,,,,,,,,,https://mia.nadimfoundation.org/q431,"=IMAGE(""https://api.qrserver.com/v1/create-qr-code/?size=300x300&margin=8&color=06444C&bgcolor=EAE8D8&data=""&ENCODEURL(AS29))",,,,,,78
2972,Inv. no. 2972,Cabinet Leaf,واجهة خزانة,From the mosque of al-Azhar,من الجامع الأزهر,"Cabinet leaf in a typically Mamluk style, featuring an elegant interlocking joinery composition of halved twelve- and eight-pointed stars in wood and ivory. Though the panel would once have presented a striking visual effect, the surviving inlay and joinery pieces have suffered considerable loss: many of the ivory elements are missing, and one half of the central twelve-pointed star is absent. Remnants of the original metal hinge fixtures are preserved along the outer edge.",مصراع باب خزانة على الطراز المملوكى، يتضمن تكوينا زخرفيا أنيقا يعتمد على تقنية التعشيق، ويجمع بين أنصاف أطباق نجمية اثنى عشرية وثمانية نفذت بأسلوب التطعيم بالخشب والعاج. ورغم أن المصراع كان فى الأصل يحدث أثرا بصريا أخاذا، إلا أن الوحدات المطعمة والحشوات المعشقة الباقية تعرضت لفقدان كبير؛ إذ غابت العديد من قطع العاج، كما فقد نصف الطبق النجمى الاثنى عشرى المركزى. ولا تزال بقايا المفصلات المعدنية الأصلية محفوظة على الحافة الخارجية للمصراع.,,,W: 44.2 cm; H: 93 cm,العرض: ٤٤٫٢ سم، الطول: ٩٣ سم,,,,,,,,,,,,,,,,,,,,,,,,,,,,,,,,,https://mia.nadimfoundation.org/q2972,"=IMAGE(""https://api.qrserver.com/v1/create-qr-code/?size=300x300&margin=8&color=06444C&bgcolor=EAE8D8&data=""&ENCODEURL(AS30))",Registered April 1902,سجل فى أبريل ١٩٠٢,,,,80
3102,Inv. no. 3102,Panel,لوح,From the mosque of Aslam al-Silahdar,من مسجد أصلم السلحدار,"Acquired from the mosque of Aslam al-Silahdar (745-46 AH / 1344-45 CE), this partially preserved panel features a narrow, edge-to-edge arrangement of bisected six-pointed stars and diamonds, a design characteristic of Mamluk decorative vocabulary. Small pieces of wood and ivory are further carved with delicate arabesques and vegetal scrolls, though much of the fine detail has been softened by the passage of time. The style and material of this panel closely correspond to other woodworked elements from the same site, suggesting they may have originated from a single workshop or craftsman. The narrow dimensions of the panel indicate it likely formed part of a window, book cabinet, chair, minbar base, or other modestly scaled object.",اقتنى هذا الجزء الخشبى من مسجد أصلم السلحدار (٧٤٥-٧٤٦ هـ / ١٣٤٤-١٣٤٥ م)، ويعرض ترتيبا محكما يمتد من حافة إلى أخرى لنجوم سداسية مقسومة ومعينات، وهو تصميم يميز مفردات الزخرفة المملوكية. نحتت وحدات التطعيم من الخشب والعاج بزخارف أرابيسك وأغصان نباتية دقيقة، إلا أن كثيرا من تفاصيلها قد اندثرت بفعل مرور الزمن. ويتوافق أسلوب هذه القطعة وموادها بشكل وثيق مع عناصر خشبية أخرى من الموقع نفسه، مما يرجح أنها نفذت فى ورشة واحدة أو من يد حرفى واحد. كما تشير أبعاده الضيقة إلى أنه كان على الأرجح جزءا من نافذة، أو خزانة كتب، أو كرسى، أو قاعدة منبر، أو عنصر آخر صغير الحجم.,"Bahri Mamluk, 745-46 AH / 1344-45 CE",مملوكى بحرى، ٧٤-٧٤٦ هـ / ١٣٤٤-١٣٤٥ م,W: 100 cm; H: 21 cm,العرض: ٢١ سم، الطول: ١٠٠ سم,,,,,,,,,,,,,,,,,,,,,,,,,,,,,,,,,https://mia.nadimfoundation.org/q3102,"=IMAGE(""https://api.qrserver.com/v1/create-qr-code/?size=300x300&margin=8&color=06444C&bgcolor=EAE8D8&data=""&ENCODEURL(AS31))",Registered October 1903,سجل فى أكتوبر ١٩٠٣,,,,81
2801-4155,"Inv. no. 2801, 4155",Cupboard Leaves,ضلفتى خزانة,From the madrasa of Sultan Hassan,من مدرسة السلطان حسن,"This pair of narrow cabinet leaves was originally hung on pivots, as evidenced by the rounded and moulded upper terminals of the door stiles and the surviving metal pivot at the base; their slender proportions suggesting an interior cupboard rather than an exterior door. The leaves are constructed using interlocking joinery in the pattern known locally as kirindazi, wherein alternating elongated hexagons and triangles form the structural and decorative framework. The carving is largely uniform: hexagonal panels bear intersecting symmetrical arabesques, while triangular panels contain small bifurcated leaves within a simple scroll. The two panels at handle-height, positioned directly above where the original fittings would have been affixed, show the heaviest wear; that on the left departs entirely from the prevailing decorative scheme, its abraded surface revealing large scrolls terminating in trilobed fleurons, hinting at a more complex decorative history than the otherwise consistent surface treatment would suggest.",كانت هاتان الضلفتان الضيقتان معلقتين فى الأصل على محاور، كما يتضح من الأطراف العلوية المستديرة والمزخرفة لأعمدة الباب والمحور المعدنى الباقى عند قاعدته؛ وتشير أبعادهما الرفيعة إلى أنهما جزء من خزانة داخلية وليس بابا خارجيا. ويرجح ضيق قياس الضلف هنا أن هذا الزوج قد صمم لكتبية أو خزانة داخلية لا لباب خارجى. وقد صنعتا باستخدام وصلات تعشيق متداخلة وفق التصميم المعروف محليا باسم «الكرندازى»، حيث تشكل الزخرفة مسدسات ممدودة ومثلثات متعاقبة تمثل الإطارين الإنشائى والزخرفى. وتحمل الحشوات السداسية زخارف أرابيسك متداخلة ومتماثلة من الحفر فى اتساق تام، بينما تحتوى الحشوات المثلثة على أوراق نباتية صغيرة مزدوجة الأطراف ذات توريقات ملتفة بسيطة. وتظهر آثار الاستخدام بوضوح على الحشوتين الموجودتين عند مستوى المقبض، حيث تختلف الحشوة اليسرى تماما عن الأسلوب الزخرفى السائد، ويكشف سطحها المتآكل عن لفائف كبيرة تنتهى بزهور زنبق ثلاثية الفصوص، مما يشير إلى تاريخ زخرفى أكثر تعقيدا مما يبدو على السطح المتسق للضلفتين. وقد كانت الضلف تتحرك محوريا كما هو واضح من النهايات المستديرة للقوائم من أعلى، والنهايات المعدنية من أسفل.,"Bahri Mamluk, 757-64 AH / 1356-63 CE",مملوكى بحرى، ٧٥٧-٧٦٤ هـ / ١٣٥٦-١٣٦٣ م,"2801 – W: 31 cm; H: 235 cm
4155 – W: 30.3 cm; H: 235 cm","٢٨٠١ - العرض: ٣١ سم، الارتفاع: ٢٣٥ سم
٤١٥٥ - العرض: ٣٠٫٣ سم، الارتفاع: ٢٣٥ سم",,,,,,,,,,,,,,,,,,,,,,,,,,,,,,,,,https://mia.nadimfoundation.org/q2801-4155,"=IMAGE(""https://api.qrserver.com/v1/create-qr-code/?size=300x300&margin=8&color=06444C&bgcolor=EAE8D8&data=""&ENCODEURL(AS32))",,,,,,82
3511,Inv. no. 3511,Half of a Window Leaf,نصف مصراع نافذة,From the madrasa of Bashir Agha al- Jumdar,من مدرسة بشير آغا الجمدار,"Half of a window leaf acquired from the madrasa of Bashir Agha al-Jumdar (760-61 AH / 1359-60 CE), a Mamluk amir and master of robes (jumdar) under Sultan Hassan (r. 755-62 AH / 1354-61 CE). Its central geometric design consists of six-pointed stars and hexagons, a widely employed combination in the artistic vocabulary of medieval Cairene woodwork from the Tulunid period onwards. Traces of simple carved decoration survive in some of the joinery pieces, and a surrounding border is carved in relief with vegetal scrolls. The panel forms part of a limited corpus of surviving architectural fittings from the now-ruined madrasa, which contemporary sources describe as having been a charming structure.",نصف مصراع نافذة نقل من مدرسة بشير آغا الجمدار (٧٦٠-٧٦١ هـ / ١٣٥٩-١٣٦٠ م)، وهو أمير مملوكى وصاحب وظيفة (الجمدار) فى عهد السلطان حسن (حكم ٧٥٥-٧٦٢ هـ / ١٣٥٤-١٣٦١ م). يتكون تصميمها الهندسى المركزى من نجوم سداسية وسداسيات، وهى صيغة زخرفية شاع استخدامها فى المشغولات الخشبية القاهرية فى العصور الوسطى منذ العصر الطولونى فصاعدا. وتبقت آثار زخارف بسيطة منحوتة على بعض عناصر التعشيق، كما يحيط بها إطار محفور بزخارف نباتية بارزة. ويعد هذا المصراع جزءا من مجموعة محدودة من العناصر المعمارية الباقية من المدرسة، التى أصبحت اليوم فى عداد المبانى المندثرة، وقد وصفتها المصادر المعاصرة بأنها كانت بناء حسن الطابع.,"Bahri Mamluk, 760-61 AH / 1359-60 CE",مملوكى بحرى، ٧٦٠-٧٦١ هـ / ١٣٥٩-١٣٦٠ م,W: 37 cm; H: 64 cm,العرض: ٣٧ سم، الطول: ٦٤ سم,,,,,,,,,,,,,,,,,,,,,,,,,,,,,,,,,https://mia.nadimfoundation.org/q3511,"=IMAGE(""https://api.qrserver.com/v1/create-qr-code/?size=300x300&margin=8&color=06444C&bgcolor=EAE8D8&data=""&ENCODEURL(AS33))",,,,,,84
539,Inv. no. 539,Cabinet Front,واجهة خزانة,,,"Cabinet front in a style characteristic of the Mamluk or Ottoman periods, decorated with a central geometric star pattern surmounted by a khawranq composed of a trio of openwork scalloped arches flanked by small colonettes. The upper arcade introduces an architectural note to the composition, while the storage compartment is fitted with an early hinge mechanism employing a simple loop wire, a practical and long-established solution in wooden furniture and fittings.",واجهة خزانة ذات طراز يميز العصر المملوكى أو العثمانى، تتوسطها زخرفة من الأطباق النجمية الهندسية يعلوها خورنق يتكون من ثلاثة عقود مفرغة مفصصة تحف بها أعمدة صغيرة. يضفى هذا الصف العلوى من العقود طابعا معماريا واضحا على التكوين، بينما زودت حجرة التخزين بآلية مفصلة مبكرة تعتمد على سلك معدنى بسيط على هيئة حلقة وهو حل عملى شائع الاستخدام فى الأثاث والعناصر الخشبية منذ زمن طويل.,,,W: 103 cm; H: 190 cm,العرض: ١٠٣ سم، الطول: ١٩٠ سم,,,,,,,,,,,,,,,,,,,,,,,,,,,,,,,,,https://mia.nadimfoundation.org/q539,"=IMAGE(""https://api.qrserver.com/v1/create-qr-code/?size=300x300&margin=8&color=06444C&bgcolor=EAE8D8&data=""&ENCODEURL(AS34))",,,,,,86
534,Inv. no. 534,Cabinet Front,واجهة خزانة,,,"Cabinet front featuring a central radwani mafruka design, articulated around a hexagon with a pseudo-star pattern radiating towards the edges.This decorated panel conceals a storage compartment fitted with an early hinge mechanism employing a simple loop wire, a long-established and effective solution in wooden furniture. The panel is surmounted by a khawranq composed of a pair of open ogee arches with delicate floral bouquets painted across the spandrels. Traces of paint on the remaining surfaces indicate that the entire piece was once ornamented with simple floral motifs. The decorative vocabulary and construction techniques suggest a date in the late Mamluk or Ottoman periods.",واجهة خزانة تتوسطها زخرفة المفروكة الرضوانى، تتشكل حول تصميم سداسى يحيط بتصميم نجمى كاذب تتفرع منه هيئة نجمية شبه كاملة تمتد نحو الأطراف. وتخفى هذه الحشوة المزخرفة خلفها مقصورة تخزين وتعتمد فى الفتح والغلق على آلية مفصلية مبكرة من خلال سلك حلقي بسي ط (شنكل)، وهى تقنية شائعة فى صناعة الأثاث الخشبى. كما يعلو التكوين الهندسى خورنق يتكون من عقدين مدببين مفرغين، مع باقات زهور رقيقة مرسومة على الركنيات، وتشير بقايا الألوان على الأسطح الأخرى إلى أن القطعة كانت فى الأصل مزخرفة بالكامل بزخارف نباتية بسيطة، وتشير المفردات الزخرفية وطريقة الصنع إلى تأريخ يعود إلى العصر المملوكى المتأخر أو العثمانى.,,,W: 73 cm; H: 166 cm,العرض: ٧٣ سم، الطول: ١٦٦ سم,,,,,,,,,,,,,,,,,,,,,,,,,,,,,,,,,https://mia.nadimfoundation.org/q534,"=IMAGE(""https://api.qrserver.com/v1/create-qr-code/?size=300x300&margin=8&color=06444C&bgcolor=EAE8D8&data=""&ENCODEURL(AS35))",,,,,,88
485,Inv. no. 485,Door Leaf,باب,,,"Door leaf with a central panel organised around a repeating field of hexagons bisected at their midpoints to generate a secondary grid of interlocking diamonds, in a pattern known locally as mosadas sarw. This geometric core is framed by a plain border and a further border of regular and elongated hexagons, with undecorated panels flanking the top and bottom of the leaf. Designs of this type enjoyed a long history in Cairo and are characteristic of both the Mamluk and Ottoman periods. Comparable doors can be found in Manzil Zaynab Khatun (872-73 AH / 1468 CE, with Ottoman additions in 1125 AH / 1713 CE) and Bayt al-Suhaymi (1057-58 and 1210-11 AH / 1648 and 1796 CE), making precise dating difficult in the absence of firm provenance.",مصراع باب تتوسطه حشوة مركزية ذات تصميم هندسى قوامه تكرارات من الأشكال السداسية الأضلاع ويعرف محليا باسم «مسدس صرو». وقد قسمت كل من الحشوة المسدسة عند نقاط التقاء الأوتار لتكوين شبكة ثانوية من معينات متداخلة. يحيط بهذا التكوين الهندسى إطار بسيط خال من الزخرفة، يليه إطار آخر من سداسيات منتظمة وأخرى ممدودة، بينما تحيط بالجزء العلوى والسفلى من المصراع ألواح غير مزخرفة. وقد حظيت التصميمات من هذا النوع بتاريخ طويل فى القاهرة، وهى سمة مميزة لكل من العصرين المملوكى والعثمانى . كما توجد أبواب مشابهة فى منزل زينب خاتون (٨٧٢-٨٧٣ هـ / ١٤٦٨ م، مع إضافات عثمانية سنة ١١٢٥ هـ / ١٧١٣ م) وبيت السحيمى (١٠٥٧-١٠٥٨ هـ و١٢١٠-١٢١١ هـ / ١٦٤٨ و١٧٩٦ م)، وهو ما يجعل التأريخ الدقيق أمرا صعبا فى غياب مصدر موثوق يثبت الأصل.,,,W: 105 cm; H: 203 cm,العرض: ١٠٥ سم، الطول: ٢٠٣ سم,,,,,,,,,,,,,,,,,,,,,,,,,,,,,,,,,https://mia.nadimfoundation.org/q485,"=IMAGE(""https://api.qrserver.com/v1/create-qr-code/?size=300x300&margin=8&color=06444C&bgcolor=EAE8D8&data=""&ENCODEURL(AS36))",,,,,,90
532,Inv. no. 532,Door Leaf,مصراع باب,,,"Door leaf, typically Mamluk in style, featuring a sophisticated composition of twelve- and nine-pointed stars. The ornamentation remains relatively restrained, yet the creativity of the craftsman is revealed in the geometry itself: the complex task of combining stars of such differing point counts required careful calculation and the insertion of smaller polygonal shapes to resolve the intervening spaces, producing a harmonious and precise overall pattern.",مصراع باب يحمل طابعا مملوكيا واضحا، ويتضمن تكوينا هندسيا متقنا يقوم على أطباق نجمية متداخلة من الاثنى عشرية وتساعية. وتظل الزخرفة فيه متحفظة نسبيا، غير أن ابتكار الحرفى يتجلى فى البناء الهندسى ذاته، إذ إن المهمة المعقدة المتمثلة فى الجمع بين نجوم تختلف فى عدد رؤوسها تطلبت حسابا دقيقا وإدخال مضلعات أصغر لمعالجة الفراغات البينية، بما أسفر عن نمط عام متناغم ومحكم.,,,W: 83.7 cm; H: 163 cm,العرض: ٨٣٫٧ سم، الطول: ١٦٣ سم,,,,,,,,,,,,,,,,,,,,,,,,,,,,,,,,,https://mia.nadimfoundation.org/q532,"=IMAGE(""https://api.qrserver.com/v1/create-qr-code/?size=300x300&margin=8&color=06444C&bgcolor=EAE8D8&data=""&ENCODEURL(AS37))",,,,,,91
1048,Inv. no. 1048,Door Leaf,باب,,,"Door leaf with a central panel composed of a repeating mafruka pattern, constructed through joinery. Closely related to the Greek hooked-cross meander, this pattern is characteristic of Cairene Ottoman woodwork, though it appears earlier in Mamluk contexts. The use of contrasting timbers enlivens the surface while drawing attention to the skill invested in a deceptively simple geometric design.",مصراع باب يتوسطه تصميم مركزى مؤلف من نمط مفروكة متكرر، منفذ بأسلوب التعشيق. يرتبط هذا النمط ارتباطا وثيقا بزخرفة المتاهة الإغريقية ذات الصليب المعقوف، ويعد من السمات المميزة لأعمال النجارة العثمانية فى القاهرة، وإن كان قد ظهر فى سياقات مملوكية أقدم. ويضفى استخدام أخشاب متباينة اللون حيوية على السطح، كما يبرز مقدار المهارة المبذولة فى تنفيذ تصميم هندسى يبدو بسيطا فى ظاهره.,,,W: 120 cm; H: 220 cm,العرض: ١٢٠ سم، الطول: ٢٢٠ سم,,,,,,,,,,,,,,,,,,,,,,,,,,,,,,,,,https://mia.nadimfoundation.org/q1048,"=IMAGE(""https://api.qrserver.com/v1/create-qr-code/?size=300x300&margin=8&color=06444C&bgcolor=EAE8D8&data=""&ENCODEURL(AS38))",,,,,,92
1617,Inv. no. 1617,Door Leaf,باب,From the mosque of al-Azhar,من الجامع الأزهر,"Door leaf with a central panel ornamented with a joined geometric star pattern in carved wood and ivory. The slightly awkward fitting of the central panel within its surrounding frame indicates that it was likely reused in a new architectural context. The formal vocabulary and decorative treatment suggest a Mamluk date; and while the panel was added to al- Azhar during one of the mosque’s many restoration campaigns, it remains unclear whether it was originally made for the site and later refitted, or transferred from elsewhere before its incorporation.",مصراع باب يتوسطه حشوة مركزية مزخرفة بتكوين نجمى هندسى، منفذ بتطعيم من الخشب والعاج، وقد زينت العديد من الحشوات الباقية بزخارف أرابيسك محفورة بدقة. ويشير عدم التناسب الطفيف فى تركيب الجزء المركزى داخل إطاره المحيط إلى أنه على الأرجح أعيد استخدامه ضمن سياق معمارى جديد. وتدل المفردات الشكلية والمعالجة الزخرفية على تأريخها للعصر المملوكى، ومع أن المصراع أضيف إلى الجامع الأزهر خلال إحدى حملات الترميم العديدة التى شهدها المسجد، فإنه لا يزال من غير الواضح ما إذا كان قد صنع أصلا للموقع ثم أعيد تثبيته لاحقا أم نقل إليه من موضع آخر قبل إدماجه فيه.,"Burji Mamluk, late 9th-early 10th centuries AH / late 15th-early 16th centuries CE",مملوكى برجى، أواخر القرن التاسع - أوائل القرن العاشر الهجرى / أواخر القرن الخامس عشر - أوائل القرن السادس عشر الميلادى,W: 68 cm; H: 237 cm,العرض: ٦٨ سم، الطول: ٢٣٧ سم,,,,,,,,,,,,,,,,,,,,,,,,,,,,,,,,,https://mia.nadimfoundation.org/q1617,"=IMAGE(""https://api.qrserver.com/v1/create-qr-code/?size=300x300&margin=8&color=06444C&bgcolor=EAE8D8&data=""&ENCODEURL(AS39))",,,,,,94
5977,Inv. no. 5977,Door Leaf,مصراع باب,,,"Door leaf combining Mamluk and Khedival neo- Mamluk elements. The central panel, likely of Mamluk origin, is distinguished by its refined craftsmanship and decorative vocabulary. It was later repurposed and set into a Khedival-era frame, as indicated by the uneven joinery connecting the two elements. The overall configuration of the panel bears resemblance to the woodwork of the al-Rifa‘i mosque (1912), while the flanking narrow rectangular panels are decorated with reciprocal arches and vegetal scrolls reminiscent of the design on the uppermost panel of the reverse of Sayyida Ruqayya’s portable mihrab (549-555 AH / 1154-60 CE). The craftsman carefully integrated motifs, compositional strategies, and salvaged elements from earlier works into a single composition, producing a piece appropriate to the taste of its donor, Prince Youssef Kamal.",مصراع باب يجمع بين العناصر الزخرفية المملوكية وأخرى خديوية على الطراز النيو-مملوك. ويتميز التصميم المركزى، الذى يرجح أنه يعود إلى العصر المملوكى، بدقة صنعته ومفرداته الزخرفية. وقد أعيد توظيفه لاحقا وأدرج داخل إطار يعود إلى العصر الخديوى، وهو ما يظهر فى عدم انتظام التعشيق بين العنصرين، التى تشبه الهيئة العامة للأعمال الخشبية فى مسجد الرفاعى (١٩١٢م)، بينما زخرفت الألواح المستطيلة الضيقة على الجانبين بعقود متقابلة وأغصان نباتية تذكر بالتصميم الموجود على الجزء العلوى فى ظهر محراب السيدة رقية المتنقل (٥٤٩-٥٥٥ هـ / ١١٥٤-١١٦٠ م). وقد دمج الحرفى بعناية بين الزخارف وأساليب التكوين والعناصر المستوحاة من أعمال أقدم فى تكوين واحد، لينتج قطعة تلائم ذوق مهديها، الأمير يوسف كمال.,,,W: 110 cm; H: 248 cm,العرض: ١١٠ سم، الطول: ٢٤٨ سم,,,,,,,,,,,,,,,,,,,,,,,,,,,,,,,,,https://mia.nadimfoundation.org/q5977,"=IMAGE(""https://api.qrserver.com/v1/create-qr-code/?size=300x300&margin=8&color=06444C&bgcolor=EAE8D8&data=""&ENCODEURL(AS40))","Registered February 23, 1922",سجل فى ٢٣ فبراير ١٩٢٢,Donated by Prince Youssef Kamal,إهداء من الأمير يوسف كمال,,95
445,Inv. no. 445,Door,باب,From the mosque of al-Ashraf Barsbay (“al- Ashrafiyya”),من مسجد الأشرف برسباى (الأشرفية),"A pair of door leaves from the mosque of Sultan al-Ashraf Barsbay (“al-Ashrafiyya”) on al-Mu‘izz Street, constructed through interlocking joinery and decorated with geometric star pattern enlivened with arabesques in a typically Mamluk style. Although many of the original wood and ivory inlays have been lost or replaced, the sophistication of the original composition remains evident. The upper and lower panels, now missing, likely once bore inscriptions or additional ornament framed by delicate metal fixtures, such as those surviving on the upper left panel, cast in the form of intertwining leaves or branches. The scale, proportion, and decorative vocabulary of the leaves align closely with other wooden furnishings associated with Barsbay’s patronage, suggesting they may have served as a doorway or the leaves of a large cupboard.",مصراعا باب من مسجد السلطان الأشرف برسباى «الأشرفية» بشارع المعز، يزدانان بتكوينات نجمية هندسية جمعية أثريت بزخارف أرابيسك نفذت بأساليب الحفر والتطعيم والتعشيق على نحو يميز الأسلوب المملوكى. ورغم فقدان عدد كبير من عناصر التطعيم الأصلية من الخشب والعاج أو استبدالها، فإن رقى التكوين الأصلى لا يزال واضحا. أما الألواح العلوية والسفلية المفقودة حاليا، فمن المرجح أنها كانت تحمل نقوشا كتابية أو زخارف إضافية ذات إطار معدنى دقيق، مثل تلك الباقية على اللوح العلوى الأيسر، المصبوبة فى هيئة أوراق شجر أو أغصان متشابكة. وتتوافق أبعاد المصراعين ونسبهما وتكويناتهما الزخرفية توافقا وثيقا مع التجهيزات الخشبية الأخرى التى ارتبطت برعاية برسباى، مما يرجح أنهما كانا يؤديان وظيفة باب مدخل أو باب منبر أو مصراعى خزانة كبيرة.,"Burji Mamluk, 826-27 AH / 1423-24 CE",مملوكى برجى، ٨٢٦-٨٢٧ هـ / ١٤٢٣-١٤٢٤ م,W: 105 cm; H: 198 cm,العرض: ١٠٥ سم، الطول: ١٩٨ سم,,,,,,,,,,,,,,,,,,,,,,,,,,,,,,,,,https://mia.nadimfoundation.org/q445,"=IMAGE(""https://api.qrserver.com/v1/create-qr-code/?size=300x300&margin=8&color=06444C&bgcolor=EAE8D8&data=""&ENCODEURL(AS41))",,,,,,96
2605,Inv. no. 2605,Door,باب,From the mosque of Aytmish al-Bagasi,من مسجد أيتمش البجاسى,"Door leaves recovered from the mosque of Amir Aytmish al-Bagasi (784-85 AH / 1383 CE), decorated with a prominent geometric star pattern based on twelve-pointed stars with wood and ivory joinery pieces. The door represents a rare surviving example of the mosque’s original wooden fittings; the interior is relatively plain at present, with many doors, windows, and the minbar replaced by simpler modern substitutes. Traces of painted decoration on the ceiling of the eastern (qibla) iwan hint at the mosque’s former richness, diminished both by disruptions following Amir Aytmish’s death — after a career that saw him serve as amir under Sultan Barquq, then as regent for Barquq’s son Farag, before fleeing to Damascus and ultimately being killed by Yalbugha al-Nasiri — as well as through later flooding and the natural ravages of time.",مصراعا باب نقلا من مسجد الأمير أيتمش البجاسى (٧٨٤-٧٨٥ هـ / ١٣٨٣ م)، مزخرفان بتكوين هندسى مميز قائم على الطبق النجمى الاثنى عشرى، وطعمت الحشوات بالخشب والعاج. ويمثل الباب نموذجا نادرا باقيا من الأعمال الخشبية الأصلية للمسجد، إذ يبدو تصميمه الداخلى اليوم بسيطا، بعد أن استبدلت كثير من الأبواب والنوافذ والمنبر الأصلية ببدائل حديثة أكثر تواضعا. وتوحى بقايا الزخرفة المصبوغة على سقف الإيوان الشرقى (إيوان القبلة) بما كان عليه المسجد من ثراء سابق، فقد ضاع جانب كبير من هذا الثراء عقب وفاة أيتمش، بعد مسيرة شهدت توليه منصب أمير فى عهد السلطان برقوق، ثم وصايته على الناصر فرج بن برقوق، قبل أن يفر إلى دمشق وينتهى مقتولا على يد يلبغا الناصرى - فضلا عما لحق بالمبنى لاحقا من أضرار بسبب الفيضانات وعوامل الزمن.,"Burji Mamluk, 784-85 AH / 1383 CE",مملوكى برجى، ٧٨٤-٧٨٥ هـ / ١٣٨٣ م,W: 100 cm; H: 196 cm,العرض: ١٠٠ سم، الطول: ١٩٦ سم,,,,,,,,,,,,,,,,,,,,,,,,,,,,,,,,,https://mia.nadimfoundation.org/q2605,"=IMAGE(""https://api.qrserver.com/v1/create-qr-code/?size=300x300&margin=8&color=06444C&bgcolor=EAE8D8&data=""&ENCODEURL(AS42))",,,,,,98
11724,Inv. no. 11724,Panel,تربيعة,,,"A square wooden panel featuring an intricate strapwork pattern of six-pointed stars, hexagons, and smaller irregular polygons executed through interlocking joinery with wood and ivory pieces. The central six-pointed star and six surrounding hexagons are all composed of kaleidoscopic zarnashan patterns of coloured woods, (stained) ivory, and mother-of-pearl. The reverse of the panel reveals the dense and careful joinery required to achieve the complex surface geometry. Likely dated to the Mamluk period, the panel appears to have been a highly accomplished component of a larger furnishing such as a cupboard or chair, later removed from its original context and appreciated as an independent artwork. A modern metal fixture on the reverse, used for hanging, indicates its subsequent display as an objet d’art during the ownership of Prince Kamal al-Din Hussein (1874-1932).","وحدة خشبية مربعة تتضمن تكوينا نجميا معقدا قائما على نظام الأباريز والحشوات، ومؤلفا من نجوم سداسية وسداسيات ومضلعات أصغر غير منتظمة، نفذ بأسلوب التعشيق بحشوات مطعمة فى الغالب بالخشب والعاج. وقد طعمت النجمة السداسية المركزية والسداسيات الست المحيطة بها جميعا بتكوينات من الزرنشان متعدد الانعكاسات، التى تتألف من أخشاب ملونة وعاج مصبوغ وصدف. ويكشف ظهر هذه القطعة عن شبكة التعشيق الكثيفة والدقيقة اللازمة لتحقيق هذا التكوين الهندسى المعقد.

يرجح تأريخ هذه القطعة إلى العصر المملوكى، ويبدو أنها كانت عنصرا متقن الصنع ضمن قطعة أثاث أكبر -مثل خزانة أو كرسى- قبل أن تفصل عن سياقها الأصلى وتقتنى بوصفها عملا مستقلا. وتشير قطعة معدنية حديثة مثبتة فى الخلف مخصصة للتعليق، إلى أنه تم عرضه لاحقا كقطعة فنية عندما كانت فى حيازة الأمير كمال الدين حسين (١٨٧٤-١٩٣٢).",,,W: 58 cm; H: 58 cm,العرض: ٥٨ سم، الطول: ٥٨ سم,,,,,,,,,,,,,,,,,,,,,,,,,,,,,,,,,https://mia.nadimfoundation.org/q11724,"=IMAGE(""https://api.qrserver.com/v1/create-qr-code/?size=300x300&margin=8&color=06444C&bgcolor=EAE8D8&data=""&ENCODEURL(AS43))","Registered August 15, 1933",سجل فى ١٥ أغسطس ١٩٣٣,Gifted by the waqf (endowment) of Prince Kamal al-Din Hussein,مهدى من وقف الأمير كمال الدين حسين,,100
11718,Inv. no. 11718,Door Leaf,مصراع باب,,,"This atypical, patchwork-like panel is structured around a repeating field of elongated hexagons which likely once formed part of a kirindazi composition incorporating triangles. The upper and lower fields, by contrast, introduce more irregular and at times asymmetrical groupings of polygons, disrupting the visual continuity of the design. These inconsistencies, together with the awkward relationship between the joinery pieces and their surrounding frame, strongly suggest that the panel was reassembled from an earlier object. On the basis of the design and the relatively good condition of the surviving pieces, the reused elements may be tentatively dated to the late Mamluk or early Ottoman periods.",يميز هذا التكوين حشوات غير تقليدية إطلاقا، ذات تصميم يحاكى أسلوب الترقيع يهدف إلى ضم عدة أشكال هندسية غير مترابطة وغير منتمية إلى نفس الشكل الهندسى التقليدى لتزين الباب. فعلى الرغم من أن أجزاء الحشوة جمعت بتقنية الجمعية المتعارف عليها إلا أنها تفتقر إلى منطق هذا الأسلوب فى الزخرفة. فيرجح أن التصميم الذى ضم يوما هذه الحشوات من المسدسات والمثلثات ينتمى إلى نمط الكرندازى. وفى أغلب الظن، تمت إعادة توظيف هذه القطع الخشبية من وحدات الكرندازى الزخرفية من تصميم قديم، ثم ثبتت لاحقا فى تشكيلها الحالى بالباب. أما المساحات العلوية والسفلية، فعلى العكس من ذلك، تقدم تصميمات ذات تجميعات أكثر عشوائية وأحيانا غير متناظرة للأشكال متعددة الأضلاع، مما يقطع الاستمرارية البصرية للتصميم. إن هذه التناقضات، إلى جانب العلاقة غير المتجانسة بين الحشوات المعشقة والباب نفسه، تشير بقوة إلى أن الحشوات قد أعيد تجميعها من قطعة أو قطع مختلفة أقدم منها. واستنادا إلى التصميم والحالة الجيدة نسبيا للعناصر الباقية، يمكن تأريخ القطع المعاد استخدامها، على نحو مبدئى، إلى أواخر العصر المملوكى أو بدايات العصر العثمانى.,,,W: 90 cm; H: 190 cm,العرض: ٩٠ سم، الطول: ١٩٠ سم,,,,,,,,,,,,,,,,,,,,,,,,,,,,,,,,,https://mia.nadimfoundation.org/q11718,"=IMAGE(""https://api.qrserver.com/v1/create-qr-code/?size=300x300&margin=8&color=06444C&bgcolor=EAE8D8&data=""&ENCODEURL(AS44))","Registered August 15, 1933",سجل فى ١٥ أغسطس ١٩٣٣,,,,101
11721,Inv. no. 11721,Panel,لوحة,,,"This unusual assemblage of six hexagonal panels arranged around a central hexagon evokes the geometry of a more complete star pattern. The marked contrast between the richly inlaid and carved wood and ivory, and the plain, modern backing suggests that these elements were salvaged from an earlier object and reassembled in their current form. Closer examination of the individual panels, each densely carved in relief with classical arabesques, raises a compelling possibility: the pieces display striking, and indeed nearly identical, correspondences with those of the celebrated minbar of Amir Baktimur (698-99 AH / 1299-1300 CE) in the mosque of al-Salih Tala’i (555 AH / 1160 CE). Having likely been removed, reconfigured, and adapted over the centuries, the panels entered the collection of the Museum of Islamic Art via the waqf (endowment) of Prince Kamal al-Din Hussein (1874-1932), offering a tangible record of both their original Mamluk context and subsequent reuse.

Minbar of Amir Baktimur in the mosque of al-Salih Tala’i the mosque of al-Salih Tala’i (555 AH / 1160 CE, with the minbar added in 698-99 AH / 1299-1300 CE).","هذا التكوين غير التقليدى المؤلف من ست حشوات من الكند سداسية الشكل تلتف حول حشوة سداسية الأضلاع مركزية، يستحضر فى صياغته هيئة تكوين الطبق النجمى المكتمل. ويشير التباين الواضح بين الخشب والعاج المطعمين والمنحوتين بزخارف غنية من جهة، وبين الدعامة الخلفية الحديثة البسيطة من جهة أخرى، إلى أن هذه العناصر قد استخرجت من قطعة أثرية أقدم وأعيد تجميعها فى هيئتها الحالية. وبالفحص الدقيق لهذه الحشوات المنفردة، التى تزدان كل منها بتصاميم من حفر بارز بزخارف أرابيسك تقليدية كثيفة، تبرز فرضية قوية؛ إذ تظهر الحشوات تطابقا واضحا، بل وشبه تام، مع حشوات منبر الأمير بكتمر (٦٩٨-٦٩٩ هـ / ١٢٩٩-١٣٠٠ م) فى مسجد الصالح طلائع (٥٥٥ هـ / ١١٦٠ م). وبعد فك هذه الألواح وإعادة تشكيلها وتطويعها على مر القرون، انضمت إلى مقتنيات متحف الفن الإسلامى عبر وقف الأمير كمال الدين حسين (١٨٧٤-١٩٣٢ م)، لتقدم بذلك سجلا ملموسا لسياقها المملوكى الأصلى وتاريخ إعادة استخدامها اللاحق.

(تأسس المسجد عام ٥٥٥ هـ / ١١٦٠ م، وأضيف المنبر عام ٦٩٨-٦٩٩ هـ / ١٢٩٩-١٣٠٠ م)",,,W: 50 cm; H: 46 cm,العرض: ٥٠ سم، الطول: ٤٦ سم,,,,,,,,,,,,,,,,,,,,,,,,,,,,,,,,,https://mia.nadimfoundation.org/q11721,"=IMAGE(""https://api.qrserver.com/v1/create-qr-code/?size=300x300&margin=8&color=06444C&bgcolor=EAE8D8&data=""&ENCODEURL(AS45))","Registered August 15, 1933",سجل فى ١٥ أغسطس ١٩٣٣,Gifted by the waqf (endowment) of Prince Kamal al-Din Hussein,مهدى من وقف الأمير كمال الدين حسين,,102
9526,Inv. no. 9526,Stele,شاهد جنائزى,,,"This wooden funerary stela commemorates a figure named Ahmad ibn ‘Abdallah and bears a Kufic inscription invoking God’s protection from calamity and asking for mercy and forgiveness for the deceased. The multi-register script shows notable, though not exact, affinities with another wooden panel in the Museum’s collection (Inv. No. 3914) linked to Abu Muhammad ‘Abd Allah al-Tabataba (d. 338 AH / 949 CE) and recovered from the Ikhshidid mausoleum of al-Tabataba in ‘Ayn al-Sira.",يخلد هذا الشاهد الجنائزى الخشبى ذكر شخص يدعى أحمد بن عبد للها. ويحمل نقش كتابيا محفورا بالخط الكوفى يتضمن عبارات دعاء بالاعتصام بالله من البلاء، وطلب الرحمة والمغفرة للمتوفى. ويظهر توزيع النص على عدة أسطر تقاربا ملحوظا، وإن لم يكن مطابقا تماما، مع لوحة خشبية أخرى محفوظة فى مجموعة المتحف برقم تسجيل ٣٩١٤، منسوبة إلى أبى محمد عبد للها الطباطبا توفى ٣٣٨ هـ / ٩٤٩ م، والتى استخرجت من ضريح الإخشيديين الخاص بالطباطبا فى عين الصيرة. بسم للها الرحمن الرحيم هذا من فضل ربى ليبلونى اشكر ام اكفر ومن شكر فانما يشكر لنفسه ومن كفر فان ربى غنى كريم نعمه من للها ان ذات الحانوت بجميع حدودها وحقوقها سفلها وعلوها لعبدللها عمر بن,"possibly Tulunid or Ikhshidid, c. 3rd-4th centuries AH / 9th-10th centuries CE",يحتمل أن يرجع للعصر الطولونى أو الإخشيدى، حوالى القرن الثالث - القرن الرابع الهجرى / القرن التاسع - القرن العاشر الميلادى,W: 22.5 cm; H: 51 cm,العرض: ٢٢٫٥ سم، الطول: ٥١ سم,,,,,,,,,,,,,,,,,,,,,,,,,,,,,,,,,https://mia.nadimfoundation.org/q9526,"=IMAGE(""https://api.qrserver.com/v1/create-qr-code/?size=300x300&margin=8&color=06444C&bgcolor=EAE8D8&data=""&ENCODEURL(AS46))","Registered February 12, 1931",سجل فى ١٢ فبراير ١٩٣١,Purchased from Michel Abemayor,مشترى من ميشيل أبمايور,,110
3555-1-5,Inv. no. 3555/1-5,Property Deed,صك ملكية,From the zawiya of Sulayman Misu in al-Tarbi‘a,من زاوية سليمان ميسو بالتربيعة,"A long wooden frieze in five fragments, bearing a Kufic inscription in two registers. The text reads (trans.): “In the name of God, the Most Gracious, the Most Merciful. This was granted by the grace of my Lord, to test me, to give thanks, or to be ungrateful. Whoever gives thanks does so for the benefit of his own soul; whoever is ungrateful, my Lord is self-sufficient and Generous. He has bestowed the shop, with all its boundaries and rights, above and below, upon His servatmar ibn Sulayman al-‘Attar, as a gift from His abundant grace and generosity.” Small curling leaves occasionally emerge from the letters, suggesting an early, modest form of floriated Kufic associated with the Fatimid period.

3555/2 3555/4","إفريز خشبى طويل مقسم إلى خمسة أجزاء، يحمل نقشا بالخط الكوفى موزعا على سطرين، أوله آية رقم (٤٠) من سورة النمل يليها نص حقوق الملكية. وينص على-بسم للها الرحمن الرحيم- «هذا من فضل ربى ليبلونى أأشكر أم أكفر ومن شكر فإ نما يشكر لنفسه ومن كفر فإن ربى غنى كريم». قد أنعم بالحانوت بجميع حدوده وحقوقه، علوا وسفلا، على عبده عمر بن سالمة بن سليمان العطار، هبة من فضله الواسع وكرمه». وتنبثق من بعض الحروف أوراق نباتية صغيرة ملتفة، مما يشير إلى شكل مبكر ومحدود من تزيين الخط الكوفى المورق، وهو الأسلوب المرتبط بفترة العصر الفاطمى.

٣٥٥٥/١","Fatimid, 4th century AH / 10th century CE",فاطمى، القرن الرابع الهجرى / القرن العاشر الميلادى,W: 362 cm; H: 26 cm,العرض: ٢٦ سم، الطول الكلى: ٣٦٢ سم,,,,,,,,,,,,,,,,,,,,,,,,,,,,,,,,,https://mia.nadimfoundation.org/q3555-1-5,"=IMAGE(""https://api.qrserver.com/v1/create-qr-code/?size=300x300&margin=8&color=06444C&bgcolor=EAE8D8&data=""&ENCODEURL(AS47))","Registered June 3, 1909",سجل فى ٣ يونيو ١٩٠٩,,,,112
11747,Inv. no. 11747,Foundation Inscription,لوحة تأسيسية,From the sabil of Amir Inal al-Yusufi,من سبيل الأمير إينال اليوسفى,"This foundation inscription, executed in naskh script, commemorates the establishment of a sabil by al-Sayfi Inal al-Atabeki al-Maliki al-Dhahiri, his epithets identifying him as Atabek al-‘Asakir (Commander-in-Chief) and a former mamluk (slave soldier) of Sultan al-Zahir Barquq. Dated 795 AH (1393 CE), the inscription’s use of al-marhum (“the deceased”) reflects al-Maqrizi’s record of Inal’s death in 794 AH, indicating the sabil was completed posthumously. Epigraphically, the otherwise conventional naskh script is subtly enlivened by modest floral ornament: a small flower emerging from the ya’ of al-Sayfi and a bifurcated leaf in the register below, characteristic flourishes of late fourteenth-century Mamluk calligraphic practice.",لوحة تأسيسية تحمل نقشا كتابيا بخط النسخ، تؤرخ لإنشاء سبيل على يد الأمير «السيفى إينال الأتابكى الملكى الظاهرى»، وتكشف ألقابه الواردة بها عن مكانته بصفته «أتابك العساكر» (القائد العام)، وبوصفه منتسبا إلى مماليك السلطان الظاهر برقوق. وتشير اللوحة المؤرخة عام ٧٩٥ هـ (١٣٩٣ م)، بوصفها للأمير بلفظ «المرحوم» إلى ما ذكره المقريزى عن وفاة إينال عام ٧٩٤ هـ، مما يدل على أن السبيل قد اكتمل بعد وفاته. ومن الناحية الخطية، تزدان كتابة النسخ التقليدية بزخارف نباتية رقيقة تضفى حيوية على النص؛ حيث تبرز زهرة صغيرة من حرف الياء فى كلمة «السيفى»، وورقة نباتية مشقوقة فى السطر السفلى، وهى لمسات زخرفية تميز الفن الخطى المملوكى فى أواخر القرن الرابع عشر.,"Burji Mamluk, 794-95 AH / 1392-93 CE",مملوكى برجى، ٧٩٤-٧٩٥ هـ / ١٣٩٢-١٣٩٣ م,W: 98.7 cm; H: 32.5 cm,العرض: ٩٨٫٧ سم، الارتفاع: ٣٢٫٥ سم,,,,,,,,,,,,,,,,,,,,,,,,,,,,,,,,,https://mia.nadimfoundation.org/q11747,"=IMAGE(""https://api.qrserver.com/v1/create-qr-code/?size=300x300&margin=8&color=06444C&bgcolor=EAE8D8&data=""&ENCODEURL(AS48))",,,,,,114
403-405,"Inv. no. 403, 405",Minbar Panels,لوحتا منبر,From one or two minbars attributed to Sultan Jaqmaq,من منبر واحد أو منبرين منسوبين إلى السلطان جقمق,"These two panels are among the sole surviving elements of one or possibly two minbars attributed to Sultan Jaqmaq (r. 1438-53). Both bear identical foundation inscriptions in naskh which read: “Ordered the construction of this blessed minbar, [our lord] the Sultan al-Malik al-Zahir Abu Sa‘id Muhammad Jaqmaq, may his victory be glorified.” Among the pair, No. 405 is distinguished by sharper calligraphic outlines and a more assured execution, suggesting either a different hand or a higher level of craftsmanship within the same commission. Their size and content suggest they originally flanked the passage doors (abwab al-roda) on either side of a minbar, although it remains uncertain which of Jaqmaq’s minbars they were part of. The sultan is known to have erected three mosques during his lifetime: one on al-Marasina St. near the mosque of Sayyida Zaynab, another in Darb al-Sa‘ada, and a third, no longer extant, in al-Fustat. Today, new minbars survive in the two extant mosques, making these panels a rare remnant of the lost originals. Identical inscriptions also appear on the flanks of the minbar Jaqmaq commissioned for Sultan Barquq’s complex (786-88 AH / 1384-86 CE) on al-Mu‘izz Street. Although Jaqmaq was not known for extensive or innovative artistic patronage, such commissions, often in the context of restoration or renewal, appear to have served as a means of asserting personal piety and architectural stewardship rather than visual ambition.",يعد هذان اللوحان من العناصر القليلة الباقية - وربما الوحيدة - من منبر واحد أو منبرين محتملين ينسبان إلى السلطان جقمق (حكم ١٤٣٨-١٤٥٣). ويحمل كلاهما نصا تأسيسيا متطابقا بخط النسخ نصه: «أمر بعمل هذا المنبر المبارك (مولانا) السلطان الملك الظاهر محمد أبو سعيد جقمق، عز نصره». ومن بين اللوحين، يتميز اللوح رقم ٤٠٥ بحدود خطية أكثر حدة ووضوحا، وبأسلوب تنفيذ أكثر ثباتا وإحكاما، مما قد يشير إلى اختلاف اليد المنفذة أو إلى مستوى أعلى من الإتقان ضمن التكليف نفسه. كما يوحى حجمهما ومضمون النقش بأنهما كانا فى الأصل يثبتان أعلى أبواب الروضة على جانبى المنبر، غير أن تحديد أى من منابر جقمق كانا جزءا منه يظل غير محسوم. ومن المعروف أن السلطان شيد ثلاثة مساجد خلال حياته: واحد فى شارع المراسينا بالقرب من مسجد السيدة زينب، والثانى فى درب سعادة، والثالث فى الفسطاط ولكنه فى عداد المبانى المندثرة. وتوجد اليوم منابر حديثة فى المسجدين الباقيين، مما يجعل هذين اللوحين قطع نادرة من المنابر الأصلية المفقودة. وتظهر نقوش متطابقة أيضا على جانبى المنبر الذى كلف جقمق بصنعه لمجمع السلطان برقوق (٧٨٦-٧٨٨ هـ / ١٣٨٤-١٣٨٦ م) فى شارع المعز. وعلى الرغم من أن جقمق لم يعرف برعاية فنية واسعة أو مبتكرة، فإن مثل هذه الأعمال - التى كثيرا ما جاءت فى سياق الترميم أو التجديد - تبدو أنها كانت وسيلة لإبراز التقوى الشخصية وتأكيد الرعاية المعمارية، أكثر من كونها سعيا إلى طموح فنى بصرى أو استعراضى.,"Burji Mamluk, 848-55 AH / 1444-51 CE",مملوكى برجى، ٨٤٨-٨٥٥ هـ / ١٤٤٤-١٤٥١ م,"403 - W: 45 cm; H: 14 cm
405 - W: 45 cm; H: 14.5 cm","٤٠٣ – العرض: ٤٥ سم، الطول: ١٤ سم
٤٠٥ – العرض: ٤٥ سم، الطول: ١٤٫٥ سم",,,,,,,,,,,,,,,,,,,,,,,,,,,,,,,,,https://mia.nadimfoundation.org/q403-405,"=IMAGE(""https://api.qrserver.com/v1/create-qr-code/?size=300x300&margin=8&color=06444C&bgcolor=EAE8D8&data=""&ENCODEURL(AS49))",,,,,,117
621-1-2,Inv. no. 621/1-2,Panels,لوحتان,,,"Two large wooden panels of unknown provenance, decorated with an expansive pattern of interlacing vine scrolls, punctuated by leaves and overlapping with a bold thuluth inscription. The scale of the panels and the monumentality of their designs suggest they were originally part of a large architectural fixture. Remnants of gilding hint at their once-vibrant appearance; the use of gold, often paired with a contrasting dark blue, was a common feature in the monumental inscriptions of medieval Cairo. The prominence of thuluth script and dense vegetal composition may further suggest a Mamluk-period date.",لوحان خشبيان كبيران مجهولي المصدر، زينا بتكوين زخرفى واسع من أفرع نبات الكرمة الملتفة والمتداخلة، تتخللها أوراق نباتية يعلوها كتابات بارزة بخط الثلث. ويشير حجم القطعتين والطابع الزخرفى لتصميمهما إلى أنهما كانا فى الأصل جزءا من عنصر معمارى ثابت كبير. كما توحى بقايا التذهيب بحيوية مظهرهما سابقا، إذ كان استخدام الذهب وغالبا ما كان يقرن بلون أزرق داكن متباين سمة شائعة فى النقوش الضخمة فى القاهرة خلال العصور الوسطى. وقد يرجح حضور خط الثلث بهذه الصورة البارزة، إلى جانب التكوين النباتى الكثيف، تأريخ الوحدتين غالبا إلى العصر المملوكى.,,,"621/1 - W: 22 cm; H: 138 cm
621/2 - W: 21.5 cm; H: 100 cm","٦٢١/١ - العرض: ٢٢ سم، الطول: ١٣٨ سم
٦٢١/٢ - العرض: ٢١٫٥ سم، الطول: ١٠٠ سم",,,,,,,,,,,,,,,,,,,,,,,,,,,,,,,,,https://mia.nadimfoundation.org/q621-1-2,"=IMAGE(""https://api.qrserver.com/v1/create-qr-code/?size=300x300&margin=8&color=06444C&bgcolor=EAE8D8&data=""&ENCODEURL(AS50))",,,,,,118
550,Inv. no. 550,Panel,لوح,,,"A triangular lathe-turned panel inlaid with darkwood pegs. The octagonal pattern is formed by long diagonal members composed of alternating elongated hexagons and smaller ringed elements known as firakh (sing. farkh, lit. “shoots” of a tree), requiring the craftsman to turn individual members on more than one axis and producing a subtle cranking effect. Additional firakh and square elements serve as interlocking connectors between these zigzagging diagonals, stabilising the composition. The style of joinery and ornament suggests a dating to the late Mamluk or early Ottoman periods.",وحدة مثلثة من الخرط، مطعمة بزراير من الخشب الداكن، وتتكون من وحدات مثمنة من عوارض قطرية طويلة عبارة عن إلتقاء أشكال مسدسة مستطيلة مع وحدات دائرية مخروطهة تعرف باسم “الفراخ” ومفردها “فرخ”، والمقصود بها القطعة التى تربط بين موتيفات أو وحدات الخرط الأساسية. تصنيع تلك المثلثات يستدعى درجة عالية من المهارة فى الخرط مع الابداع فى التنفيذ والإبتكار، فبعض القطع تخرط على أكثر من محور مما يشهد على مهارة صانعها وتمكنه من حرفته. فتنفذ فروخ إضافية مع عناصر مربعة لتعمل بوصفها وصلات تعشيق تربط بين هذه الخطوط القطرية المتعرجة، مما يمنح التكوين تماسكا وثباتا. وتشير أساليب التعشيق والزخرفة إلى أن تاريخ هذه القطعة يعود إلى العصر المملوكى أو بدايات العصر العثمانى.,,,W: 40 cm; H: 43 cm,العرض: ٤٠ سم، الطول: ٤٣ سم,,,,,,,,,,,,,,,,,,,,,,,,,,,,,,,,,https://mia.nadimfoundation.org/q550,"=IMAGE(""https://api.qrserver.com/v1/create-qr-code/?size=300x300&margin=8&color=06444C&bgcolor=EAE8D8&data=""&ENCODEURL(AS51))",,,,,,130
528,Inv. no. 528,Window Grille,شباك,,,"(“empty cross”) lathe-work from Inv. No. 528 Lathe-turned wooden window grille featuring an array of geometric patterns based on hexagons and squares, further subdivided into triangles and lozenges. The upper and lower sections employ a local wood-turning style known as mosadas (“hexagon”), while the central sections feature cross-based patterns: salib malyan (“full cross”) for squares with X-shaped centres, and salib fadi (“empty cross”) for squares with a single diagonal. In an intriguing instance of asymmetry, the sixth row from the top on the right-hand side departs from its mirrored counterpart, adopting instead a wave-like configuration known as mawg (“wave”).",شباك خشبى منفذ بأسلوب الخرط، يضم مجموعة من الأنماط الهندسية القائمة على التصميمات السداسية والمربعة، والمقسمة بدورها إلى مثلثات ومعينات. ويعتمد الجزآن العلوى والسفلى على أسلوب خراطة محلى يعرف باسم «مسدس»، بينما تتضمن الأجزاء الوسطى أنماطا قائمة على الصليب: صليب مليان (كامل) للمربعات ذات المراكز المتقاطعة، وصليب فاضى للمربعات ذات القطر الواحد. وفى مثال لافت على عدم التماثل، يختلف الصف السادس من الأعلى فى الجهة اليمنى عن نظيره المقابل، إذ يتخذ تشكيلا متموجا يعرف باسم موج.,,,W: 108 cm; H: 112 cm,العرض: ١٠٨ سم، الطول: ١١٢ سم,,,,,,,,,,,,,,,,,,,,,,,,,,,,,,,,,https://mia.nadimfoundation.org/q528,"=IMAGE(""https://api.qrserver.com/v1/create-qr-code/?size=300x300&margin=8&color=06444C&bgcolor=EAE8D8&data=""&ENCODEURL(AS52))",,,,,,132
505,Inv. no. 505,Balustrade,درابزين,From Manzil Sitt ‘Aisha al-Bayda,من منزل ست عائشة البيضاء,"Originally part of a presumably longer balustrade, these lathe-turned elements were later mounted into a modern frame, perhaps to evoke their original configuration. In their initial arrangement, the square pieces would have been aligned and connected along the horizontal axis by an additional series of small lathe-turned elements; the drilled holes that once secured these connectors remain visible. In the current assembly, the fleurons are positioned inconsistently — facing upward or downward — whereas the original layout likely followed a more deliberate order, either alternating in sequence or uniformly oriented, probably with all fleurons facing upward.",كانت هذه القطعة فى الأصل جزءا من درابزين يعتقد أنه كان أطول، ثم أعيد تثبيت برامقه من الخشب الخرط ضمن إطار حديث، ربما فى محاولة لاستحضار هيئته الأصلية. وفى تكوينه الأصلى، كانت القطع المربعة تصطف وتتصل على طول المحور الأفقى من خلال سلسلة إضافية من العناصر الصغيرة المنفذة بالخرط، ولا تزال الثقوب (النقر) التى كانت تثبت هذه الوصلات مرئية حتى اليوم. وفى التكوين الحالى، وضعت الأزهار بشكل غير متناسق - بعضها متجه إلى أعلى وبعضها إلى أسفل - فى حين يرجح أن التنسيق الأصلى كان أكثر انضباطا، إما بالتناوب المنتظم أو باتجاه موحد، وعلى الأرجح كانت جميع الأزهار متجهة إلى أعلى.,,,W: 127 cm; H: 40 cm,العرض: ١٢٧ سم، الطول: ٤٠ سم,,,,,,,,,,,,,,,,,,,,,,,,,,,,,,,,,https://mia.nadimfoundation.org/q505,"=IMAGE(""https://api.qrserver.com/v1/create-qr-code/?size=300x300&margin=8&color=06444C&bgcolor=EAE8D8&data=""&ENCODEURL(AS53))",,,,,,134
3512,Inv. no. 3512,Window Grille,شباك,From the library of Sultan Baybars al-Jashankir on al-Mu‘izz Street,من مكتبة السلطان بيبرس الجاشنكير بشارع المعز، القاهرة,"Window grille in two sections; the larger executed in the mangur technique. The lower panel features a version of the traditional mafruka, or hooked cross motif. The grille was originally part of the library of Baybars al-Jashankir (708-09 AH /1309-10 CE) within his complex on al-Mu‘izz Street; designs of this kind were once common across both religious and secular architecture in medieval Cairo, with notable examples in the ribat of Ahmad ibn Sulayman al- Rifa‘i (690-91 AH / 1291 CE), the madrasa of Qatlubugha al-Dhahabi (747-48 AH / 1347 CE), and the Hanging Church, among others.",شباك مكون من قسمين، نفذ الجزء الأكبر منه بتقنية المنجور. أما الجزء السفلى فيتضمن زخرفة من نمط المفروكة التقليدى، أو ما يعرف بزخارف الصليب المعقوف. وكان الشباك فى الأصل جزءا من مكتبة بيبرس الجاشنكير (٧٠٨-٧٠٩ هـ / ١٣٠٩-١٣١٠ م)، ضمن مجموعته المعمارية بشارع المعز. وقد شاعت مثل هذه التصاميم فى العمارة الدينية والمدنية فى القاهرة خلال العصور الوسطى، ومن أمثلتها رباط أحمد بن سليمان الرفاعى (٦٩٠-٦٩١ هـ / ١٢٩١ م)، ومدرسة قتلوبغا الذهبى (٧٤٧-٧٤٨ هـ / ١٣٤٧ م)، والكنيسة المعلقة، وغيرها.,"Bahri Mamluk, 708-09 AH / 1309-10 CE",مملوكى بحرى، ٧٠٨-٧٠٩ هـ / ١٣٠٩-١٣١٠ م,W: 61 cm; H: 186 cm,العرض: ٦١ سم، الطول: ١٨٦ سم,,,,,,,,,,,,,,,,,,,,,,,,,,,,,,,,,https://mia.nadimfoundation.org/q3512,"=IMAGE(""https://api.qrserver.com/v1/create-qr-code/?size=300x300&margin=8&color=06444C&bgcolor=EAE8D8&data=""&ENCODEURL(AS54))",,,"Acquired 29 April, 1909",اقتنى فى ٢٩ أبريل ١٩٠٩,,135
4392,Inv. no. 4392,Window Grille,شباك,"From the mosque of Sidi Abdallah al- Sharif, Damietta",من مسجد سيدى عبدلله ا الشريف، دمياط,"Wooden window grille from the mosque of Sidi Abdallah al-Sharif in Damietta. The panel bears two inscriptions executed in a clear naskh script, notable for broad, flat, raised strokes and fully articulated diacritics. The upper inscription, arranged across three narrow horizontal bands separated by vertical mouldings, paraphrases Qur’an 9:18 (Surat al- Tawbah) and records the restoration of the mosque by the amir al-liwa Dilawar in 1072 AH (1661-62), accompanied by a prayer for divine reward and continued prosperity. Beyond his title, equivalent in later Ottoman usage to a military rank comparable to a brigadier general, little is known of the patron. A second inscription, set within the central panel and arranged in two registers, bears a shahada. The remaining surface is articulated by eight openwork panels executed in the abu ganzeer technique, showcasing interlocking geometric patterns characteristic of late medieval Egyptian woodwork.",شباك خشبى من مسجد سيدى عبد للها الشريف بمحافظة دمياط. يحمل اللوح نقشين منفذين بخط النسخ الواضح، الذى يتميز بضرباته العريضة المستوية والبارزة، مع تشكيل كامل للحروف. ويأتى النقش العلوى موزعا على ثلاثة أشرطة أفقية ضيقة تفصل بينها فواصل رأسية، ويتضمن النص صياغة قريبة من الآية رقم (١٨) من سورة التوبة، النص الخاص بتجديد المسجد على يد الأمير اللواء دلاور سنة (١٠٧٢ هـ / ١٦٦١-١٦٦٢ م)، ويصاحبه دعاء له بالثواب ودوام الخير. ولا يعرف عن هذا الراعى سوى لقبه، إذ كان منصب أمير لواء يعادل فى العصر العثمانى المتأخر رتبة عسكرية تقارب رتبة عميد. أما النقش الكتابى الثانى فهو موزع على سطرين يتضمنان صيغة الشهادة. وقد جاء وسط المساحة المفرغة المكونة من ثمانية ألواح مربعة الشكل ذات زخارف مفرغة نفذت بتقنية أبو جنزير، التى تظهر أشكالا هندسية متداخلة. وتبرز القطعة الأنماط الهندسية التى ميزت بها الأعمال الخشبية المصرية فى أواخر العصور الوسطى.المصرية فى أواخر العصور الوسطى.,"Ottoman, 1072 AH / 1661-62 CE",عثمانى، ١٠٧٢ هـ / ١٦٦١-١٦٦٢ م,W: 105.5; H: 140 cm,العرض: ١٠٥٫٥ سم، الطول: ١٤٠ سم,,,,,,,,,,,,,,,,,,,,,,,,,,,,,,,,,https://mia.nadimfoundation.org/q4392,"=IMAGE(""https://api.qrserver.com/v1/create-qr-code/?size=300x300&margin=8&color=06444C&bgcolor=EAE8D8&data=""&ENCODEURL(AS55))","Registered April 8, 1916",سجل فى ٨ أبريل ١٩١٦,,,,136
612,Inv. no. 612,Mashrabeya,مشربية,,,"Lathe-turned mashrabeya with an upper panel decorated with four eight-pointed stars, arranged in pairs flanking an olla waterjug. As in No. 596, the small central opening, crowned by a row of baramiq (“balusters”), slides upwards and is secured by a stop-peg mechanism characteristic of Ottoman window work. From a technical standpoint, particular note should be made of the thick upper and lower framing bands of the large rectangular panels flanking the window, each fashioned from a single continuous length of wood forming a straight horizontal member. This solution enhances structural stability while remaining visually unobtrusive. The craftsman’s skill lies in the successful concealment of this unified structural element beneath what appears to be a heterogeneous assemblage of lathe-turned elements. Typical of Ottoman woodwork, the range of turning typologies employed here — including mawg (“wave”) motifs, salib fadi (“empty cross”), and mosaddas (“hexagon”) forms — attests both to the versatility of the technique and the inventiveness of its maker.",مشربية منفذة بالخشب الخرط، يتزين قسمها العلوى بأربع نجمات ثمانية الرؤوس مرتبة فى زوجين يحيطان بإناء للشرب (قلة). وكما فى القطعة رقم ٥٩٦، تتحرك الفتحة المركزية الصغيرة - التى تعلوها صفوف من البرامق - إلى أعلى، وتثبت بآلية وتد مانع للحركة من الطراز العثمانى. ومن الناحية التقنية، من الجدير بالذكر الإشارة إلى الشريطين العلوى والسفلى السميكين اللذين يؤطران الأجزاء المستطيلة الكبيرة على جانبى الشباك، قد نفذا من قطعة خشبية واحدة متصلة، تشكل جزءا أفقيا مستقيما. ويسهم هذا الحل فى تعزيز الثبات البنائى من دون أن يلفت النظر بصريا. وتكمن مهارة الحرفى فى إخفاء هذا العنصر البنائى الموحد خلف ما يبدو تجميعا متنوعا من العناصر المخروطة والمحفورة. وكما هو مألوف فى الأعمال الخشبية العثمانية، فإن تنوع تصاميم الخشب الخرط المستخدمة هنا ومنها نمط الموج، وصليب فاضى، ومسدس يشهد على مرونة التقنية وابتكار صانعها.,,,W: 232 cm; H: 229 cm,العرض: ٢٣٢ سم، الطول: ٢٢٩ سم,,,,,,,,,,,,,,,,,,,,,,,,,,,,,,,,,https://mia.nadimfoundation.org/q612,"=IMAGE(""https://api.qrserver.com/v1/create-qr-code/?size=300x300&margin=8&color=06444C&bgcolor=EAE8D8&data=""&ENCODEURL(AS56))",,,,,,140
11641,Inv. no. 11641,Ceiling Fragment,قطعة من سقف,From a tomb in ‘Ayn al-Sira,من مقبرة فى عين الصيرة,"Recovered from a tomb in ‘Ayn al-Sira, this painted wooden ceiling panel, preserved in two parts, bears traces of ornament arranged around a central medallion, possibly depicting a bird, framed by three Sasanian-style “pearl” bands. Remnants of red, dark blue, and cream hint at the panel’s original vibrant appearance.",عثر على هذا اللوح الخشبى ذى الرسومات الملونة فى مقبرة بمنطقة عين الصيرة، وهو يتألف من قطعتين من سقف. وتظهر على سطحه آثار زخرفة موزعة حول جامة مركزية، يحتمل أن تكون تصور هيئة طائرا، يحيط بها إطار مكون من ثلاثة أشرطة لؤلؤية على الطراز الساسانى. كما تشير بقايا الألوان: الأحمر والأزرق الداكن واللون العاجى إلى ما كان عليه السقف فى الأصل من مظهر زاه وحيوى.,,,"W: 35 cm; L: 26.4 cm, in two pieces",العرض: ٣٥ سم، الطول: ٢٦٫٤ سم، فى جزأين,,,,,,,,,,,,,,,,,,,,,,,,,,,,,,,,,https://mia.nadimfoundation.org/q11641,"=IMAGE(""https://api.qrserver.com/v1/create-qr-code/?size=300x300&margin=8&color=06444C&bgcolor=EAE8D8&data=""&ENCODEURL(AS57))","Registered January 1, 1933",مسجلة بتاريخ ١ يناير ١٩٣٣,,,,146
1421,Inv. no. 1421,Ceiling Panel,لوح سقفى,,,"This long, narrow panel was likely applied as a decorative veneer to the underbeam of a beamed or coffered ceiling and is ornamented with reciprocal polylobed arches, interlaced medallions, and foils rendered in a palette dominated by gold, dark blue, and cream.",هذا السقف الخشبى الطويل والضيق، يرجح أنه كان مثبتا كقشرة زخرفية أسفل الكمرات فى سقف ذى تجويفات (مقسم بحنايا). وقد زخرف بتكوينات من العقود متعددة الفصوص المتبادلة، وجامات متداخلة، وزخارف ورقية، نفذت بمجموعة ألوان يغلب عليها الذهبى والأزرق الداكن والعاجى.,,,"W: 18 cm, L: 71 cm",العرض: ١٨ سم، الطول: ٧١ سم,,,,,,,,,,,,,,,,,,,,,,,,,,,,,,,,,https://mia.nadimfoundation.org/q1421,"=IMAGE(""https://api.qrserver.com/v1/create-qr-code/?size=300x300&margin=8&color=06444C&bgcolor=EAE8D8&data=""&ENCODEURL(AS58))",,,,,,147
6857,Inv. no. 6857,Ceiling Panel,لوح سقفى,Recovered during an inventory of the holdings in the Museum of Arab Antiquities,عثر عليه أثناء جرد مقتنيات متحف الآثار العربية,"This elongated panel, probably an underbeam element from a beamed or coffered wooden ceiling, is richly decorated with carved and painted ornament: reciprocal polylobed arches terminating in arabesques flank a central field of cusped cartouches and ogival medallions rendered in a bold, contrasting color palette of dark blue, red, brown, and cream.",يرجح أن هذا اللوح المستطيل كان جزءا من العناصر التى تثبت أسفل الكمرات فى سقف خشبى ذى تجويفات، وهو غنى بزخارف محفورة وملونة، إذ تمتد على جانبيه عقود متعددة الفصوص المتبادلة تنتهى بزخارف نباتية ملتفة، وتحيط بمجال وسطى يضم خراطيش مفصصة وجامات بيضاوية، نفذت بمجموعة ألوان قوية ومتباينة يغلب عليها الأزرق الداكن والأحمر والبنى والعاجى.,,,W: 19 cm; L: 169 cm,العرض: ١٩ سم، الطول: ١٦٩ سم,,,,,,,,,,,,,,,,,,,,,,,,,,,,,,,,,https://mia.nadimfoundation.org/q6857,"=IMAGE(""https://api.qrserver.com/v1/create-qr-code/?size=300x300&margin=8&color=06444C&bgcolor=EAE8D8&data=""&ENCODEURL(AS59))","Registered December 8, 1924",مسجل بتاريخ ٨ ديسمبر ١٩٢٤,,,,148
2602,Inv. no. 2602,Ceiling,سقف,From a ruin in Darb al-Aqma‘iyya,من أطلال درب الأقماعية,"Flat wooden ceilings provided an ideal surface for overall designs. Acquired from a site in Darb al-Aqma‘iyya, this example features cruciform motifs formed out of elongated hexagonal battens, octofoils, and circular medallions on a ground of prominent arabesques, with surviving polychromy in blue or green, cream, and red.",قدم هذا السقف الخشبى نموذجا للأسقف الخشبية ذات التصميم الشامل. وقد انتقيت هذه القطعة من موقع فى درب الأقماعية، تتميز بزخارف صليبية الشكل مكونة من شرائط سداسية طويلة، وزخارف من وريدات ذات ثمانى أوراق، وجامات دائرية على أرضية من الزخارف النباتية البارزة، مع بقاء بعض الألوان المتعددة مثل الأزرق أو الأخضر والعاجى والأحمر.,,,W: 70 cm; L: 120 cm,العرض: ٧٠ سم، الطول: ١٢٠ سم,,,,,,,,,,,,,,,,,,,,,,,,,,,,,,,,,https://mia.nadimfoundation.org/q2602,"=IMAGE(""https://api.qrserver.com/v1/create-qr-code/?size=300x300&margin=8&color=06444C&bgcolor=EAE8D8&data=""&ENCODEURL(AS60))",Registered November 1899,مسجل فى نوفمبر ١٨٩٩,,,,149
3484,Inv. no. 3484,Ceiling,سقف,Recovered from a warehouse of the Ministry of Endowments (Awqaf) in Rashid,عثر عليها فى مخزن تابع لوزارة الأوقاف فى رشيد,"This wooden ceiling (tablia) from Rashid features a typically Ottoman-period combination of geometric star-patterns, painted with delicate floral motifs, and surrounded by a broad border of alternate Y’s. Constructed in part from Acacia wood, the composition reflects the Ottoman penchant for joinery, rather than solely carving or painting, in ceiling decoration.",هذا السقف الخشبى من رشيد، والذى يطلق عليه «طبلية»، يتميز بتكوين مألوف وشائع فى العصر العثمانى، يجمع بين زخارف هندسية نجمية ملونة وزخارف نباتية دقيقة يحيط بها شريط عريض من وحدات متعاقبة تعرف بين أرباب الصنعة باسم زخارف الكاسات المتداخلة أو الشمعدانات، واستخدم فى أجزاء منها خشب السنط (الأكاسيا). وتعكس زخارف القطعة ميلا واضحا للتصاميم العثمانية المنتشرة، ومنها الاعتماد على تقنيات النجارة وجمع بين الزخارف فى تزيين الأسقف، بدلا من الاقتصار على الحفر أو الرسم وحدهما.,"Ottoman, 10th-12th centuries AH / 16th-18th centuries CE",عثمانى، القرن العاشر - القرن الثانى عشر الهجرى / القرن السادس عشر - القرن الثامن عشر الميلادى,W: 126.4 cm; L: 81 cm,العرض: ٨١ سم، الطول: ١٢٦٫٤ سم,,,,,,,,,,,,,,,,,,,,,,,,,,,,,,,,,https://mia.nadimfoundation.org/q3484,"=IMAGE(""https://api.qrserver.com/v1/create-qr-code/?size=300x300&margin=8&color=06444C&bgcolor=EAE8D8&data=""&ENCODEURL(AS61))","Registered April 22, 1909",سجلت فى ٢٢ أبريل ١٩٠٩,,,,150
3485,Inv. no. 3485,Ceiling,سقف,Recovered from a warehouse of the Ministry of Endowments (Awqaf) in Rashid,عثر عليها فى مخزن تابع لوزارة الأوقاف فى رشيد,"This tablia (ceiling) from Rashid is similar, though considerably less well-preserved, than No. 3484. Constructed in part from Acacia wood, the design is composed of a geometric star pattern surrounded by a border of alternate Y’s, created by affixing small wooden pieces to the ceiling proper.",هذا السقف الخشبى من رشيد، ويسمى «طبلية»، يشبه القطعة رقم (٣٤٨٤) وإن كانت حالته أقل حظا بدرجة ملحوظة. استخدم فى أجزاء منه خشب السنط، ويتكون تصميمه من زخرفة هندسية نجمية يحيط بها إطار من وحدات متعاقبة تعرف بين أرباب الصنعة باسم زخارف الكاسات، وقد نفذت الزخرفة من خلال تثبيت قطع خشبية صغيرة مباشرة على ألواح السقف نفسه.,"Ottoman, 10th-12th centuries AH / 16th-18th centuries CE",عثمانى، القرن العاشر - القرن الثانى عشر الهجرى / القرن السادس عشر - القرن الثامن عشر الميلادى,W: 82 cm; L: 80 cm,العرض: ٨٢ سم، الطول: ٨٠ سم,,,,,,,,,,,,,,,,,,,,,,,,,,,,,,,,,https://mia.nadimfoundation.org/q3485,"=IMAGE(""https://api.qrserver.com/v1/create-qr-code/?size=300x300&margin=8&color=06444C&bgcolor=EAE8D8&data=""&ENCODEURL(AS62))",,,,,,153
4144,Inv. no. 4144,Kurdi,كردى,From the complex of Sultan Qalawun (683-84 AH / 1284-85 CE),من مجمع السلطان قلاوون (٦٨٣-٦٨٤ هـ / ١٢٨٤-١٢٨٥ م),"Traditionally known a rigl al-kurdi (“leg of the kurdi”), these pieces represent the vertical element of the kurdi, typically the decorated underside of a lintel separating two areas, which terminates in a muqarnas stalactite followed by a blind arch. The muqarnas may either be carved from one or more solid blocks of wood or composed of numerous pieces cut at angles to form a stalactite running in the longitudinal direction. Kurdis of this type frequently formed part of iwan arches and gained prominence in Cairene architecture during the late 14th and 15th centuries, continuing into the Ottoman and Khedival periods. The present examples are attributed to Sultan Qalawun’s complex on al-Mu‘izz St. (683-84 AH / 1284-85 CE) on the basis of their provenance; if correct, this would place them well over a century before the period in which the type is generally thought to have flourished. Their origins consequently remain a matter for further investigation.",عرفت هذه القطع باسم «رجل الكردى»، وهى الجزء المستقيم من الكردى، الذى يشغل عادة الجانب السفلى المزخرف للعتب الفاصل بين منطقتين، وتنتهى حافته السفلية بمقرنصات أسفلها عقد مصمت. وقد نحتت هذه المقرنصات، إما من كتلة خشبية صلبة واحدة أو أكثر، أو جاءت مؤلفة من قطع مختلفة، جمعت بزوايا دقيقة، لتشكل تلك المقرنصات الممتدة فى الاتجاه الطولى. وكثيرا ما شكلت الكرادى من هذا النوع جزءا من عقود الإيوانات، وقد نالت حضورا لافتا فى عمارة القاهرة منذ أواخر القرن الرابع عشر والقرن الخامس عشر، حتى استمر استخدامها خلال العصرين العثمانى والخديوى. ينسب سجل المتحف الرسمى تلك القطع إلى مجمع السلطان قلاوون بشارع المعز (٦٨٣-٦٨٤ هـ / ١٢٨٤-١٢٨٥ م)، إلا أن العلاقة بين هذه القطع والأعمال الخشبية الأخرى المتبقية فى المجمع، وكذلك المسألة الأشمل المتعلقة بالتطور المبكر للكردى، تظل مطروحة لمزيد من البحث والتقصى.,,,"74 - W: 25.7 cm; H: 230.8 cm
75 - W: 20.6 cm; H: 166.5 cm","٧٤ - العرض: ٢٥٫٧ سم، الطول: ٢٣٠٫٨ سم
٧٥ - العرض: ٢٠٫٦ سم، الطول: ١٦٦٫٥ سم",,,,,,,,,,,,,,,,,,,,,,,,,,,,,,,,,https://mia.nadimfoundation.org/q4144,"=IMAGE(""https://api.qrserver.com/v1/create-qr-code/?size=300x300&margin=8&color=06444C&bgcolor=EAE8D8&data=""&ENCODEURL(AS63))",,,,,,154
6120-6,Inv. no. 6120/6,Mirror,مرآة,,,"Convex mirror set within a rounded wooden frame with a small handle at the back; used to make images appear smaller. It was donated alongside Nos. 6120/2, 4-5, by the Makufiyas brothers. Though its findspot remains unknown, its grouping with a set of single-sided combs hints at the lived domestic context these objects once shared.",تجعل صورة الناظر إليها تبدو أصغر. أهديت هذه القطعة، إلى جانب القطع أرقام ٦١٢٠/٢، ٤-٥، من قبل الإخوة مكوفياس. وعلى الرغم من أن موقع اكتشافها لا يزال مجهولا، إلا أن وجودها ضمن مجموعة من الأمشاط ذات الأسنان من جهة واحدة يلمح إلى السياق المعيشى المنزلى الذى جمع هذه القطع يوما ما.,,,D: 6.6 cm,القطر: ٤٫٣ سم,,,,,,,,,,,,,,,,,,,,,,,,,,,,,,,,,https://mia.nadimfoundation.org/q6120-6,"=IMAGE(""https://api.qrserver.com/v1/create-qr-code/?size=300x300&margin=8&color=06444C&bgcolor=EAE8D8&data=""&ENCODEURL(AS64))","Registered June 7, 1922",سجل فى ٧ يونيو ١٩٢٢,Purchased from the Makufiyas Brothers,مشتراة من الإخوة مكوفياس,,175
6120-4,Inv. no. 6120/4,Single-Sided Comb,مشط ذو أسنان من جانب واحد,,,"Single-sided wooden comb with teeth on one side, and a triangular handle with a small hole through it, likely for hanging.",مشط خشبى بأسنان من جهة واحدة، مع مقبض مثلث الشكل يتوسطه ثقب صغير، يرجح أنه كان يستخدم للتعليق.,,,W: 3.3 cm; H: 3.3 cm,"العرض: ٣,٣ سم، الطول: ٣,٣ سم",,,,,,,,,,,,,,,,,,,,,,,,,,,,,,,,,https://mia.nadimfoundation.org/q6120-4,"=IMAGE(""https://api.qrserver.com/v1/create-qr-code/?size=300x300&margin=8&color=06444C&bgcolor=EAE8D8&data=""&ENCODEURL(AS65))","Registered June 7, 1922",سجل فى ٧ يونيو، ١٩٢٢,Purchased from the Makufiyas Brothers,مشترى من الإخوة مكوفياس,,176
6120-5,Inv. no. 6120/5,Single-Sided Comb,مشط ذو أسنان من جانب واحد,,,"Tortoiseshell comb, with partially-preserved teeth on one side.",مشط مصنوع من صدف السلحفاة، محتفظا ببعض أسنانه من جانب واحد.,,,"W: 6.55 cm, H: 6.4 cm",العرض: ٤٫٢ سم، الطول: ٤٫٤ سم,,,,,,,,,,,,,,,,,,,,,,,,,,,,,,,,,https://mia.nadimfoundation.org/q6120-5,"=IMAGE(""https://api.qrserver.com/v1/create-qr-code/?size=300x300&margin=8&color=06444C&bgcolor=EAE8D8&data=""&ENCODEURL(AS66))","Registered June 7, 1922",سجل فى ٧ يونيو، ١٩٢٢,Purchased from the Makufiyas Brothers,مشترى من الإخوة مكوفياس,,176
18858-1,Inv. no. 18858/1,Single-Sided Comb,مشط ذو أسنان من جانب واحد,,,"Wooden comb with teeth on one side and a pointed arched handle on the other. Decorated with a central medallion of nestled rings, with two flanking medallions composed of ring-and-dot motifs with outward-facing pointed finials.",مشط خشبى يحتفظ بهيئته، بأسنان على جانب واحد، ومقبض مقوس مدبب على الجانب الآخر، يتزين بجامة مركزية مؤلفة من حلقات متداخلة، تحف بها جامتان جانبيتان تتكونان من زخارف الحلقة والنقطة، تعلوهما نهايات مدببة متجهة إلى الخارج.,,,W: 7.8 cm; H: 7.4 cm,العرض: ٧٫٨ سم، الطول: ٧٫٤ سم,,,,,,,,,,,,,,,,,,,,,,,,,,,,,,,,,https://mia.nadimfoundation.org/q18858-1,"=IMAGE(""https://api.qrserver.com/v1/create-qr-code/?size=300x300&margin=8&color=06444C&bgcolor=EAE8D8&data=""&ENCODEURL(AS67))","Registered March 9, 1957",سجل فى ٩ مارس ١٩٥٧,Submitted by Dr. Muhammad Mustafa,مقدم من الدكتور محمد مصطفى,,177
18858-2,Inv. no. 18858/2,Single-Sided Comb,مشط ذو أسنان من جانب واحد,,,"A collection of undecorated combs, all single-sided, with a variety of handle shapes. Some contain small holes at their apex, likely for hanging.",مجموعة من الأمشاط غير مزينة، بأسنان على جانب واحد، وتتنوع أشكال مقابضها، حيث يحتوى بعضها على ثقوب صغيرة عند القمة يرجح أنها كانت تستخدم للتعليق.,,,W: 6.5 cm; H: 8.7 cm,العرض: ٦٫٥ سم، الطول: ٨٫٧ سم,,,,,,,,,,,,,,,,,,,,,,,,,,,,,,,,,https://mia.nadimfoundation.org/q18858-2,"=IMAGE(""https://api.qrserver.com/v1/create-qr-code/?size=300x300&margin=8&color=06444C&bgcolor=EAE8D8&data=""&ENCODEURL(AS68))","Registered March 9, 1957",سجلت فى ٩ مارس ١٩٥٧,Submitted by Dr. Muhammad Mustafa,مقدمة من الدكتور محمد مصطفى,83,178
18858-3,Inv. no. 18858/3,Single-Sided Comb,مشط ذو أسنان من جانب واحد,,,"A collection of undecorated combs, all single-sided, with a variety of handle shapes. Some contain small holes at their apex, likely for hanging.",مجموعة من الأمشاط غير مزينة، بأسنان على جانب واحد، وتتنوع أشكال مقابضها، حيث يحتوى بعضها على ثقوب صغيرة عند القمة يرجح أنها كانت تستخدم للتعليق.,,,W: 4.6 cm; H: 4.9 cm,العرض: ٤٫٦ سم، الطول: ٤٫٩ سم,,,,,,,,,,,,,,,,,,,,,,,,,,,,,,,,,https://mia.nadimfoundation.org/q18858-3,"=IMAGE(""https://api.qrserver.com/v1/create-qr-code/?size=300x300&margin=8&color=06444C&bgcolor=EAE8D8&data=""&ENCODEURL(AS69))","Registered March 9, 1957",سجلت فى ٩ مارس ١٩٥٧,Submitted by Dr. Muhammad Mustafa,مقدمة من الدكتور محمد مصطفى,84,178
18858-4,Inv. no. 18858/4,Single-Sided Comb,مشط ذو أسنان من جانب واحد,,,"A collection of undecorated combs, all single-sided, with a variety of handle shapes. Some contain small holes at their apex, likely for hanging.",مجموعة من الأمشاط غير مزينة، بأسنان على جانب واحد، وتتنوع أشكال مقابضها، حيث يحتوى بعضها على ثقوب صغيرة عند القمة يرجح أنها كانت تستخدم للتعليق.,,,W: 6 cm; H: 6.8 cm,العرض: ٦ سم، الطول: ٦٫٨ سم,,,,,,,,,,,,,,,,,,,,,,,,,,,,,,,,,https://mia.nadimfoundation.org/q18858-4,"=IMAGE(""https://api.qrserver.com/v1/create-qr-code/?size=300x300&margin=8&color=06444C&bgcolor=EAE8D8&data=""&ENCODEURL(AS70))","Registered March 9, 1957",سجلت فى ٩ مارس ١٩٥٧,Submitted by Dr. Muhammad Mustafa,مقدمة من الدكتور محمد مصطفى,85,178
18858-6,Inv. no. 18858/6,Single-Sided Comb,مشط ذو أسنان من جانب واحد,,,"A collection of undecorated combs, all single-sided, with a variety of handle shapes. Some contain small holes at their apex, likely for hanging.",مجموعة من الأمشاط غير مزينة، بأسنان على جانب واحد، وتتنوع أشكال مقابضها، حيث يحتوى بعضها على ثقوب صغيرة عند القمة يرجح أنها كانت تستخدم للتعليق.,,,W: 6.2 cm; H: 6 cm,العرض: ٦٫٢ سم، الطول: ٦ سم,,,,,,,,,,,,,,,,,,,,,,,,,,,,,,,,,https://mia.nadimfoundation.org/q18858-6,"=IMAGE(""https://api.qrserver.com/v1/create-qr-code/?size=300x300&margin=8&color=06444C&bgcolor=EAE8D8&data=""&ENCODEURL(AS71))","Registered March 9, 1957",سجلت فى ٩ مارس ١٩٥٧,Submitted by Dr. Muhammad Mustafa,مقدمة من الدكتور محمد مصطفى,86,178
18858-7,Inv. no. 18858/7,Single-Sided Comb,مشط ذو أسنان من جانب واحد,,,"A collection of undecorated combs, all single-sided, with a variety of handle shapes. Some contain small holes at their apex, likely for hanging.",مجموعة من الأمشاط غير مزينة، بأسنان على جانب واحد، وتتنوع أشكال مقابضها، حيث يحتوى بعضها على ثقوب صغيرة عند القمة يرجح أنها كانت تستخدم للتعليق.,,,W: 6.3 cm; H: 7.5 cm,العرض: ٦٫٣ سم، الطول: ٧٫٥ سم,,,,,,,,,,,,,,,,,,,,,,,,,,,,,,,,,https://mia.nadimfoundation.org/q18858-7,"=IMAGE(""https://api.qrserver.com/v1/create-qr-code/?size=300x300&margin=8&color=06444C&bgcolor=EAE8D8&data=""&ENCODEURL(AS72))","Registered March 9, 1957",سجلت فى ٩ مارس ١٩٥٧,Submitted by Dr. Muhammad Mustafa,مقدمة من الدكتور محمد مصطفى,87,178
18858-8,Inv. no. 18858/8,Single-Sided Comb,مشط ذو أسنان من جانب واحد,,,"A collection of undecorated combs, all single-sided, with a variety of handle shapes. Some contain small holes at their apex, likely for hanging.",مجموعة من الأمشاط غير مزينة، بأسنان على جانب واحد، وتتنوع أشكال مقابضها، حيث يحتوى بعضها على ثقوب صغيرة عند القمة يرجح أنها كانت تستخدم للتعليق.,,,W: 5.9 cm; H: 7.2 cm,العرض: ٥٫٩ سم، الطول: ٧٫٢ سم,,,,,,,,,,,,,,,,,,,,,,,,,,,,,,,,,https://mia.nadimfoundation.org/q18858-8,"=IMAGE(""https://api.qrserver.com/v1/create-qr-code/?size=300x300&margin=8&color=06444C&bgcolor=EAE8D8&data=""&ENCODEURL(AS73))","Registered March 9, 1957",سجلت فى ٩ مارس ١٩٥٧,Submitted by Dr. Muhammad Mustafa,مقدمة من الدكتور محمد مصطفى,88,178
21619-1,Inv. no. 21619/1,Single-Sided Comb,مشط ذو أسنان من جانب واحد,,,"Three single-sided combs of similar size, all with simple incised marginal lines marking the boundary between teeth and handle. Some contain holes at their apex, likely intended for hanging.",ثلاثة أمشاط ذات أسنان من ناحية واحدة ومتقاربة الأحجام، تتحدد معالمها بخطوط هامشية محفورة تفصل بين الأسنان والمقابض، ويحتوى بعضها على ثقوب عند القمة، يرجح أنها كانت تستخدم للتعليق.,,,W: 4.8 cm; H: 6.5 cm,العرض: ٤٫٨ سم، الطول: ٦٫٥ سم,,,,,,,,,,,,,,,,,,,,,,,,,,,,,,,,,https://mia.nadimfoundation.org/q21619-1,"=IMAGE(""https://api.qrserver.com/v1/create-qr-code/?size=300x300&margin=8&color=06444C&bgcolor=EAE8D8&data=""&ENCODEURL(AS74))","Registered April 28, 1960",سجلت فى ٢٨ أبريل ١٩٦٠,,,89,182
21619-2,Inv. no. 21619/2,Single-Sided Comb,مشط ذو أسنان من جانب واحد,,,"Three single-sided combs of similar size, all with simple incised marginal lines marking the boundary between teeth and handle. Some contain holes at their apex, likely intended for hanging.",ثلاثة أمشاط ذات أسنان من ناحية واحدة ومتقاربة الأحجام، تتحدد معالمها بخطوط هامشية محفورة تفصل بين الأسنان والمقابض، ويحتوى بعضها على ثقوب عند القمة، يرجح أنها كانت تستخدم للتعليق.,,,W: 5.4 cm; H: 6 cm,العرض: ٥٫٤ سم، الطول: ٦ سم,,,,,,,,,,,,,,,,,,,,,,,,,,,,,,,,,https://mia.nadimfoundation.org/q21619-2,"=IMAGE(""https://api.qrserver.com/v1/create-qr-code/?size=300x300&margin=8&color=06444C&bgcolor=EAE8D8&data=""&ENCODEURL(AS75))","Registered April 28, 1960",سجلت فى ٢٨ أبريل ١٩٦٠,,,90,182
21619-4,Inv. no. 21619/4,Single-Sided Comb,مشط ذو أسنان من جانب واحد,,,"Three single-sided combs of similar size, all with simple incised marginal lines marking the boundary between teeth and handle. Some contain holes at their apex, likely intended for hanging.",ثلاثة أمشاط ذات أسنان من ناحية واحدة ومتقاربة الأحجام، تتحدد معالمها بخطوط هامشية محفورة تفصل بين الأسنان والمقابض، ويحتوى بعضها على ثقوب عند القمة، يرجح أنها كانت تستخدم للتعليق.,,,W: 5.9 cm; H: 5.8 cm,العرض: ٥٫٩، الطول: ٥٫٨ سم,,,,,,,,,,,,,,,,,,,,,,,,,,,,,,,,,https://mia.nadimfoundation.org/q21619-4,"=IMAGE(""https://api.qrserver.com/v1/create-qr-code/?size=300x300&margin=8&color=06444C&bgcolor=EAE8D8&data=""&ENCODEURL(AS76))","Registered April 28, 1960",سجلت فى ٢٨ أبريل ١٩٦٠,,,91,182
7054,Inv. no. 7054,Double-Sided Comb,مشط ذو أسنان من الجانبين,,,"Double-sided comb; plain with a large hole, likely intended for hanging.",مشط ثنائى الجانب بتصميم بسيط، به ثقب كبير يرجح أنه كان يستخدم للتعليق.,,,W: 4.6 cm; L: 7.5 cm,العرض: ٤٫٦ سم، الطول: ٧٫٥ سم,,,,,,,,,,,,,,,,,,,,,,,,,,,,,,,,,https://mia.nadimfoundation.org/q7054,"=IMAGE(""https://api.qrserver.com/v1/create-qr-code/?size=300x300&margin=8&color=06444C&bgcolor=EAE8D8&data=""&ENCODEURL(AS77))",,,,,,185
18860-1,Inv. no. 18860/1,Double-Sided Comb,مشط بجانبين,,,"Long wooden comb with prominent rings-and-dots on one face, arranged in a quincunx, and smaller rings-and-dots in between. The reverse is plain.",مشط خشبى طويل بنقوش بارزة من زخارف الحلقة والنقطة على أحد الوجهين مرتبة على شكل خماسى متقاطع وتتخللها حلقات ونقاط أصغر حجما، بينما جاء الوجه الآخر خاليا من الزخرفة.,,,"W: 6.9 cm, H: 18.2 cm",العرض: ٦٫٩ سم، الطول: ١٩٫٧ سم,,,,,,,,,,,,,,,,,,,,,,,,,,,,,,,,,https://mia.nadimfoundation.org/q18860-1,"=IMAGE(""https://api.qrserver.com/v1/create-qr-code/?size=300x300&margin=8&color=06444C&bgcolor=EAE8D8&data=""&ENCODEURL(AS78))",,,,,,188
21618-1,Inv. no. 21618/1,Double-Sided Comb,مشط ذو أسنان من الجانبين,,,"Long wooden comb in two reattached fragments. One face is decorated with a prominent central medallion formed of tightly-spaced rings-and-dots, with a large six-petalled star at the center and large rings-and-dots in the corners, all set within a central band delineated by incised marginal lines. The other face is decorated by large rings-and-dots, similarly set within a central band bordered by incised marginal lines.",مشط خشبى كبير مكون من قطعتين أعيد لصقهما معا، أحد الوجهين مزين بجامة مركزية مع نقش بارز من زخارف الحلقة والنقطة متقاربة مع نجمة كبيرة ذات ست بتلات فى المنتصف، وزخارف الحلقة والنقطة بأحجام كبيرة فى الأركان، جميعها داخل شريط مركزى محدد بخطوط هامشية محفورة، والوجه الآخر يزدان بزخارف كبيرة من الحلقة والنقطة، متراصة بشكل مشابه داخل شريط مركزى محدد بخطوط محفورة.,,,W: 8.5 cm; H: 23 cm,العرض: ٨٫٥ سم، الطول: ٢٣ سم,,,,,,,,,,,,,,,,,,,,,,,,,,,,,,,,,https://mia.nadimfoundation.org/q21618-1,"=IMAGE(""https://api.qrserver.com/v1/create-qr-code/?size=300x300&margin=8&color=06444C&bgcolor=EAE8D8&data=""&ENCODEURL(AS79))","Registered April 28, 1960",سجل فى ٢٨ أبريل ١٩٦٠,,,,189
2588,Inv. no. 2588,Double-Sided Comb,مشط ذو أسنان من الجانبين,,,"Wooden comb with an inscription set within cartouches on both sides which reads: “Among what was made for the exalted presence, al-Najashi Najm al-Din Ayyub ibn al-Basha”.",مشط خشبى يحمل نقشا كتابيا موضوعا داخل خراطيش على كلا الجانبين، نصه: «مما عمل برسم الجناب العالى النجاشى نجم الدين أيوب بن الباشا».,,,W: 8.1 cm; H: 7.5 cm,العرض: ٨٫١ سم، الطول: ٧٫٥ سم,,,,,,,,,,,,,,,,,,,,,,,,,,,,,,,,,https://mia.nadimfoundation.org/q2588,"=IMAGE(""https://api.qrserver.com/v1/create-qr-code/?size=300x300&margin=8&color=06444C&bgcolor=EAE8D8&data=""&ENCODEURL(AS80))",,,Gifted by the Egyptian Museum of Antiquities,مهدى من متحف الآثار المصرى,,192
3883,Inv. no. 3883,Double-Sided Comb,مشط ذو أسنان من الجانبين,,,"Wooden comb with an inscription on both sides which reads: “My passion called me to disobedience, but modesty and generosity forbade me”. Ascribed to the work of “Nasir ibn al-Baba”.",مشط خشبى عليه نقش على كلا الجانبين يقول: «وما دعانى الهوى لمعصية إلا نهانى الحياء والكرم»، منسوب لعمل «ناصر بن البابا».,,,W: 7.1 cm; H: 6.4 cm,العرض: ٧ سم، الطول: ٦ سم,,,,,,,,,,,,,,,,,,,,,,,,,,,,,,,,,https://mia.nadimfoundation.org/q3883,"=IMAGE(""https://api.qrserver.com/v1/create-qr-code/?size=300x300&margin=8&color=06444C&bgcolor=EAE8D8&data=""&ENCODEURL(AS81))",,,"Donated by Dikran Kelkian, 20th century",مهداة من ديكران كلكيان، القرن العشرون,,193
4920,Inv. no. 4920,Double-Sided Comb,مشط ذو أسنان من الجانبين,From the ruins of al-Fustat,من آثار الفسطاط,"Wooden comb inscribed on both sides with the phrase “Lasting Glory” in the center, and “Good Fortune” repeated twice on either side. The prominent calligraphy and large irregular octagons are both complemented by the consistent use of ring-and-dot motifs.",مشط خشبى منقوش على كلا أحد الوجهين عبارة «العز الدائم» فى الوسط، وعلى الوجه الآخر كلمة «الإقبال». يعزز الخط البارز والمثمنات الكبيرة غير المنتظمة هذا التكوين، إلى جانب الاستخدام المنتظم لزخرفة الحلقة والنقطة.,,,W: 7.8 cm; H: 8.3 cm,العرض: ٧٫٨ سم، الطول: ٨٫٣ سم,,,,,,,,,,,,,,,,,,,,,,,,,,,,,,,,,https://mia.nadimfoundation.org/q4920,"=IMAGE(""https://api.qrserver.com/v1/create-qr-code/?size=300x300&margin=8&color=06444C&bgcolor=EAE8D8&data=""&ENCODEURL(AS82))",,,,,,194
4922,Inv. no. 4922,Double-Sided Comb,مشط ذو أسنان من الجانبين,From the ruins of al-Fustat,من آثار الفسطاط,"Wooden comb with an inscription on both sides which reads: “Among what was made for the noble and exalted presence, al-khatuni, may his life endure”, interrupted by large medallions inset with six-petalled flowers.",مشط خشبى يحمل على وجهيه نقشا كتابيا يقرأ: «مما عمل برسم الجناب المنيع الخاتوني دامت حياته»، تفصله جامات دائرية كبيرة تتوسط كل منها زهرة ذات ست بتلات.,,,W: 8.2 cm; H: 7.2 cm,العرض: ٨٫٢ سم، الطول: ٧٫٢ سم,,,,,,,,,,,,,,,,,,,,,,,,,,,,,,,,,https://mia.nadimfoundation.org/q4922,"=IMAGE(""https://api.qrserver.com/v1/create-qr-code/?size=300x300&margin=8&color=06444C&bgcolor=EAE8D8&data=""&ENCODEURL(AS83))",,,,,,195
4923,Inv. no. 4923,Double-Sided Comb,مشط ثنائى الجانب,From the ruins of al-Fustat,من آثار الفسطاط,"Fragment of a wooden comb inscribed with the words: “The exalted” in a central cartouche on both sides, flanked by decorative medallions and ring-and-dots.",جزء من مشط خشبى يحمل نقشا يتضمن عبارة «العالى» داخل خرطوشة مركزية على كلا الجانبين، تحف بها جامات، إلى جانب زخرفة الحلقة والنقطة.,,,W: 4.9 cm; H: 8.3 cm,العرض: ٤٫٩ سم، الطول ٨٫٣ سم,,,,,,,,,,,,,,,,,,,,,,,,,,,,,,,,,https://mia.nadimfoundation.org/q4923,"=IMAGE(""https://api.qrserver.com/v1/create-qr-code/?size=300x300&margin=8&color=06444C&bgcolor=EAE8D8&data=""&ENCODEURL(AS84))",,,,,,196
4927,Inv. no. 4927,Double-Sided Comb,مشط ذو أسنان من الجانبين,From the ruins of al-Fustat,من آثار الفسطاط,"Wooden comb with inscriptions on both sides with the phrase “Lasting Glory”, interrupted by a central medallion with a five-petalled whirling rosette, and flanked on either side by large ring-and-dot motifs and openwork medallions.",مشط خشبى منقوش على جانبيه عبارة «عز دائم»، يتوسطها جامة مركزية عليها شكل وردة دوارة خماسية البتلات، تحيط بها من الجانبين زخارف كبيرة من طراز الحلقة والنقطة وجامات مفرغة.,,,W: 9.2 cm; H: 8.1 cm,العرض: ٩٫٢ سم، الطول: ٨٫١ سم,,,,,,,,,,,,,,,,,,,,,,,,,,,,,,,,,https://mia.nadimfoundation.org/q4927,"=IMAGE(""https://api.qrserver.com/v1/create-qr-code/?size=300x300&margin=8&color=06444C&bgcolor=EAE8D8&data=""&ENCODEURL(AS85))",,,,,,197
4929,Inv. no. 4929,Double-Sided Comb,مشط ذو أسنان من الجانبين,From the ruins of al-Fustat,من آثار الفسطاط,"Wooden comb with naskh inscriptions on both sides which read: “O Lord, grant me a good ending.”",مشط خشبى عليه كتابات بخط النسخ على الوجهين، تقرأ: «رب اختم لى بخير».,,,W: 8 cm; H: 7.4 cm,العرض: ٨ سم، الطول: ٧٫٤ سم,,,,,,,,,,,,,,,,,,,,,,,,,,,,,,,,,https://mia.nadimfoundation.org/q4929,"=IMAGE(""https://api.qrserver.com/v1/create-qr-code/?size=300x300&margin=8&color=06444C&bgcolor=EAE8D8&data=""&ENCODEURL(AS86))",,,,,,198
4930,Inv. no. 4930,Double-Sided Comb,مشط ذو أسنان من الجانبين,From the ruins of al-Fustat,من آثار الفسطاط،,"Fragment of a wooden comb with inscriptions on both sides which read: “Lasting Glory”, with the rank of the napkin (buqja), signifying the position of the master of robes (jamdar) during the Mamluk period.",جزء من مشط خشبى عليه كتابات بخط النسخ على الوجهين، مكتوب عليه: «العز الدائم»، مع رنك المنديل (البقجة) الذى يرمز لمنصب مسؤول الملابس (الجمدار) فى العصر المملوكى.العصر المملوكى.,"Mamluk, 648-923 AH / 1250-1517 CE",مملوكى، ٦٤٨-٩٢٣ هـ / ١٢٥٠-١٥١٧ م,W: 5 cm; H: 6.2 cm,العرض: ٥ سم، الطول: ٦٫٢ سم,,,,,,,,,,,,,,,,,,,,,,,,,,,,,,,,,https://mia.nadimfoundation.org/q4930,"=IMAGE(""https://api.qrserver.com/v1/create-qr-code/?size=300x300&margin=8&color=06444C&bgcolor=EAE8D8&data=""&ENCODEURL(AS87))",,,,,,199
4933,Inv. no. 4933,Double-Sided Comb,مشط ذو أسنان من الجانبين,From the ruins of al-Fustat,من آثار الفسطاط,"Fragment of a wooden comb, similar to No. 4930, with an inscription along the surviving edge which reads: “Good Fortune”, flanked on either face by two decorative medallions and with a large openwork cartouche in the center.",جزء من مشط خشبى، شبيه بالقطعة رقم ٤٩٣٠، يحمل نقشا على الحافة المتبقية نصه: «الإقبال». وترد الكتابة على كل وجه بين جامتين زخرفيتين، مع خرطوشة كبيرة مفرغة فى الوسط.,,,W: 5.7 cm; H: 9.2 cm,العرض: ٨ سم، الطول: ٥ سم,,,,,,,,,,,,,,,,,,,,,,,,,,,,,,,,,https://mia.nadimfoundation.org/q4933,"=IMAGE(""https://api.qrserver.com/v1/create-qr-code/?size=300x300&margin=8&color=06444C&bgcolor=EAE8D8&data=""&ENCODEURL(AS88))",,,,,,200
4934,Inv. no. 4934,Double-Sided Comb,مشط ذو أسنان من الجانبين,From the ruins of al-Fustat,من آثار الفسطاط,"Fragment of a wooden comb with an inscription in naskh along the surviving edge, surrounded by openwork designs and rings-and-dots.",جزء من مشط خشبى مع كتابات بخط النسخ على بقايا الحافة، ومحاط بزخارف مفرغة وأخرى من طراز الحلقة والنقطة.,,,W: 5 cm; H: 8.3 cm,العرض: ٥ سم، الطول: ٨٫٣ سم,,,,,,,,,,,,,,,,,,,,,,,,,,,,,,,,,https://mia.nadimfoundation.org/q4934,"=IMAGE(""https://api.qrserver.com/v1/create-qr-code/?size=300x300&margin=8&color=06444C&bgcolor=EAE8D8&data=""&ENCODEURL(AS89))",,,,,,201
4935,Inv. no. 4935,Double-Sided Comb,مشط ذو أسنان من الجانبين,From the ruins of al-Fustat,من آثار الفسطاط,"Fragment of a wooden comb with an inscription in naskh rounding the corner which reads: “Indeed, I am in a palm”, and geometric openwork decoration in the central band.",جزء من مشط خشبى مع كتابات بخط النسخ على الحافة، تقرأ: «إنى لفى كف»، وزخارف هندسية مفرغة فى الشريط المركزى.,,,W: 6.3 cm; H: 8.6 cm,العرض: ٦٫٣ سم، الطول: ٨٫٦ سم,,,,,,,,,,,,,,,,,,,,,,,,,,,,,,,,,https://mia.nadimfoundation.org/q4935,"=IMAGE(""https://api.qrserver.com/v1/create-qr-code/?size=300x300&margin=8&color=06444C&bgcolor=EAE8D8&data=""&ENCODEURL(AS90))",,,,,,202
4936,Inv. no. 4936,Double-Sided Comb,مشط ذو أسنان من الجانبين,From the ruins of al-Fustat,من آثار الفسطاط,"Fragment of a wooden comb with an inscription in naskh rounding the corner which reads: “I am a comb made for grooming,” and geometric openwork decoration in two horizontal bands, flanked by a smaller vertical band.",جزء من مشط خشبى مع كتابات بخط النسخ على الحافة، تقرأ: «أنا مشط عملت للتسريح»، وزخارف هندسية مفرغة فى شريطين أفقيين يتقاطعان مع شريط عمودى أصغر.,,,W: 6.1 cm; H: 9.5 cm,العرض: ٦٫١ سم، الطول: ٩٫٥ سم,,,,,,,,,,,,,,,,,,,,,,,,,,,,,,,,,https://mia.nadimfoundation.org/q4936,"=IMAGE(""https://api.qrserver.com/v1/create-qr-code/?size=300x300&margin=8&color=06444C&bgcolor=EAE8D8&data=""&ENCODEURL(AS91))",,,,,,203
4937,Inv. no. 4937,Double-Sided Comb,مشط ذو أسنان من الجانبين,From the ruins of al-Fustat,من آثار الفسطاط,Fragment of a comb with a central inscription band flanked at the top and bottom by two openwork bands with geometric motifs.,جزء من مشط يحتوى على شريط به كتابات ونقوش، ومحاط من الأعلى والأسفل بشريطين مفرغين بزخارف هندسية.,,,W: 2.1 cm; H: 8.6 cm,العرض: ٢٫١ سم، الطول: ٨٫٦ سم,,,,,,,,,,,,,,,,,,,,,,,,,,,,,,,,,https://mia.nadimfoundation.org/q4937,"=IMAGE(""https://api.qrserver.com/v1/create-qr-code/?size=300x300&margin=8&color=06444C&bgcolor=EAE8D8&data=""&ENCODEURL(AS92))",,,,,,204
6621-2,Inv. no. 6621/2,Double-Sided Comb,مشط ذو أسنان من الجانبين,,,"Fragment of a wooden comb with a prominent inscription in naskh which reads: “Making the head beautiful is the least of my virtues, I am a crown upon the forehead,” with interspersed ring-and-dot motifs.",جزء من مشط خشبى عليه نقش كتابى بخط النسخ، يقرأ: «أقل محاسنى فعلا الرأس أجمل. أنا تاج على الجبين»، وتتخلله زخارف الحلقة والنقطة.,,,W: 5.3 cm; H: 7.9 cm,عرض: ٥٫٣ سم، الطول: ٧٫٩ سم,,,,,,,,,,,,,,,,,,,,,,,,,,,,,,,,,https://mia.nadimfoundation.org/q6621-2,"=IMAGE(""https://api.qrserver.com/v1/create-qr-code/?size=300x300&margin=8&color=06444C&bgcolor=EAE8D8&data=""&ENCODEURL(AS93))","Registered January 3, 1924",سجل فى ٣ يناير ١٩٢٤,Purchased from Muhammad Sa‘d Ahmad,مشترى من محمد سعد أحمد,,205
8323,Inv. no. 8323,Double-Sided Comb,مشط ذو أسنان من الجانبين,,,"Wooden comb with an ornate inscription in naskh, carved in relief, which reads: “I am a comb, made for grooming; I have groomed only the finest”. A central medallion on one face bears the phrase: “Who seeks”, with the phrase: “Finds” on the other. Rounding the corners at both ends of the comb are the phrases: “Lasting Glory” and “Success.”",مشط خشبى منقوش بكتابات بارزة بخط النسخ، تقرأ: «أنا مشط عملت للتسريح لم أسرح إلا لكل مليح». وتتوسط أحد الوجهين جامة بعبارة «من جد»، وعلى الوجه الآخر عبارة «وجد»، بينما تحيط بزواياه عبارتا «العز الدائم» و«الإقبال».,,,W: 9.4 cm; H: 8.3 cm,العرض: ٩٫٤ سم، الطول: ٨٫٣ سم,,,,,,,,,,,,,,,,,,,,,,,,,,,,,,,,,https://mia.nadimfoundation.org/q8323,"=IMAGE(""https://api.qrserver.com/v1/create-qr-code/?size=300x300&margin=8&color=06444C&bgcolor=EAE8D8&data=""&ENCODEURL(AS94))","Registered February 20, 1929",سجل فى ٢٠ فبراير ١٩٢٩,Purchased from Monsieur Tellal,مشتراة من مجموعة السيد طلال,,206
9273,Inv. no. 9273,Double-Sided Comb,مشط ذو أسنان من الجانبين,,,"Boxwood comb with partially-preserved teeth on both sides, and an inscription in naskh which rounds each corner and reads: “Among what was made for the Amir Sayf al-Din”.",مشط من خشب البقس، يحتفظ بأسنانه على الجانبين، يحمل نقشا محفورا بخط النسخ، يلتف حول الزوايا الأربع، نصه: «مما عمل برسم الأمير سيف الدين».,,,W: 7.6 cm; H: 8 cm,العرض: ٧٫٦ سم، الطول: ٨ سم,,,,,,,,,,,,,,,,,,,,,,,,,,,,,,,,,https://mia.nadimfoundation.org/q9273,"=IMAGE(""https://api.qrserver.com/v1/create-qr-code/?size=300x300&margin=8&color=06444C&bgcolor=EAE8D8&data=""&ENCODEURL(AS95))","Registered May 6, 1930",سجل فى ٦ مايو ١٩٢٩,,,,207
9274,Inv. no. 9274,Double-Sided Comb,مشط ذو أسنان من الجانبين,,,"Boxwood comb with partially-preserved teeth on both sides and a carved naskh inscription in relief set within cartouches which reads: “By order of the noble Amir Sayf al-Din Ibn Sa‘id”, flanked by two prominent finials.",مشط من خشب البقس، يحتفظ بأسنانه على الجانبين، يحمل نقشا بخط النسخ منفذا بالحفر البارز، موضوعا داخل خراطيش، نصه: «برسم الأمير النبيل سيف الدين بن سعيد»، تحف به نهايتان بارزتان.,,,W: 7.5 cm; H: 7.5 cm,العرض: ٧٫٥ سم، الطول: ٧٫٥ سم,,,,,,,,,,,,,,,,,,,,,,,,,,,,,,,,,https://mia.nadimfoundation.org/q9274,"=IMAGE(""https://api.qrserver.com/v1/create-qr-code/?size=300x300&margin=8&color=06444C&bgcolor=EAE8D8&data=""&ENCODEURL(AS96))","Registered May 6, 1930",سجل فى ٦ مايو ١٩٢٩,,,,208
14766,Inv. no. 14766,Double-Sided Comb,مشط بجانبين,From the collection of Abdallah Michael,من مجموعة عبدللها مايكل.,"Boxwood comb, partially preserved, with two cartouches on either end with carved inscriptions in naskh, and large decorative medallions with carving and openwork, flanked by smaller rings-and-dots in the central band.",جزء من مشط بخشب البقس، يزدان بخرطوشتين على كلا الحافتين، تحملان نقوشا كتابية محفورة بخط النسخ، وفى منتصفه جامات كبيرة مفرغة تحيط بها زخارف الحلقة والنقطة.,,,W: 9.9 cm; L: 8 cm,العرض: ٩٫٩ سم، الطول: ٨ سم.,,,,,,,,,,,,,,,,,,,,,,,,,,,,,,,,,https://mia.nadimfoundation.org/q14766,"=IMAGE(""https://api.qrserver.com/v1/create-qr-code/?size=300x300&margin=8&color=06444C&bgcolor=EAE8D8&data=""&ENCODEURL(AS97))","Registered May 12, 1942",سجل فى ١٢ مايو ١٩٤٢.,,,,209
18764-1,Inv. no. 18764/1,Double-Sided Comb,مشط ذو أسنان من الجانبين,,,"Wooden comb, partially-preserved, with inscriptions in naskh on both sides which read: “Lasting Glory”, set within a rounded cartouche, and flanked by openwork medallions and ring-and-dot motifs.",جزء من مشط خشبى يحتفظ بهيئته، بنقوش كتابية بخط النسخ على كلا الجانبين، تقرأ: «العز الدائم» داخل خراطيش مستديرة، ويحيط بها جامات مفرغة وزخارف الحلقة والنقطة بأحجام مختلفة.,,,W: 6.1 cm; H: 8 cm,العرض: ٦٫١ سم، الطول: ٨ سم,,,,,,,,,,,,,,,,,,,,,,,,,,,,,,,,,https://mia.nadimfoundation.org/q18764-1,"=IMAGE(""https://api.qrserver.com/v1/create-qr-code/?size=300x300&margin=8&color=06444C&bgcolor=EAE8D8&data=""&ENCODEURL(AS98))","Registered May 6, 1957",سجل فى ٦ مايو ١٩٥٧,Submitted by Dr. Muhammad Mustafa,مقدم من الدكتور محمد مصطفى,,210
18764-2,Inv. no. 18764/2,Double-Sided Comb,مشط ذو أسنان من الجانبين,,,"Wooden comb, partially-preserved, with inscriptions in naskh on both sides which read: “Lasting Glory”, set within a rounded cartouche, and flanked by openwork medallions and ring-and-dot motifs",جزء من مشط خشبى يحتفظ بهيئته، بنقوش كتابية بخط النسخ على كلا الجانبين، تقرأ: «العز الدائم» داخل خراطيش مستديرة، ويحيط بها جامات مفرغة وزخارف الحلقة والنقطة بأحجام مختلفة.,,,W: 6 cm; H: 8.2 cm,العرض: ٦ سم، الطول: ٨٫٢ سم,,,,,,,,,,,,,,,,,,,,,,,,,,,,,,,,,https://mia.nadimfoundation.org/q18764-2,"=IMAGE(""https://api.qrserver.com/v1/create-qr-code/?size=300x300&margin=8&color=06444C&bgcolor=EAE8D8&data=""&ENCODEURL(AS99))","Registered May 6, 1957",سجل فى ٦ مايو ١٩٥٧,Submitted by Dr. Muhammad Mustafa,مقدم من الدكتور محمد مصطفى,,211
18764-3,Inv. no. 18764/3,Double-Sided Comb,مشط ذو أسنان من الجانبين,,,"Wooden comb with an inscription on both sides which reads: “When hardship closes in upon you, then reflect upon Alam Nashrah,” directing the reader to Surat al-Inshirah (Q. 94), with its repeated assurance that ease accompanies hardship.",مشط خشبى يحمل كتابة على وجهيه تقرأ «اذا ضاقت بك العسرى ففكر في الم نشرح»، تحث القارئ على تدبر سورة الانشراح (السورة ٩٤ فى المصحف)، بما تحمله من تأكيد متكرر على أن اليسر يصاحب العسر.,,,W: 6.7 cm; H: 7.2 cm,العرض: ٦٫٧ سم، الطول: ٧٫٢ سم,,,,,,,,,,,,,,,,,,,,,,,,,,,,,,,,,https://mia.nadimfoundation.org/q18764-3,"=IMAGE(""https://api.qrserver.com/v1/create-qr-code/?size=300x300&margin=8&color=06444C&bgcolor=EAE8D8&data=""&ENCODEURL(AS100))","Registered May 6, 1957",سجل فى ٦ مايو ١٩٥٧,Submitted by Dr. Muhammad Mustafa,مقدم من الدكتور محمد مصطفى,,212
18764-8,Inv. no. 18764/8,Double-Sided Comb,مشط ذو أسنان من الجانبين,,,"Section of a wooden comb, partially-preserved, with inscriptions or pseudo-inscriptions on both sides in a prominent angular style.",جزء من مشط خشبى به على كلا الجانبين نقوش أو شبه نقوش منفذة بزخارف من الخط الكوفى ذات زوايا حادة بارزة.,,,W: 5.1 m; H: 11.7 cm,العرض: ٥٫١ سم، الطول: ١١٫٧ سم,,,,,,,,,,,,,,,,,,,,,,,,,,,,,,,,,https://mia.nadimfoundation.org/q18764-8,"=IMAGE(""https://api.qrserver.com/v1/create-qr-code/?size=300x300&margin=8&color=06444C&bgcolor=EAE8D8&data=""&ENCODEURL(AS101))","Registered May 6, 1957",سجل فى ٦ مايو ١٩٥٧,Submitted by Dr. Muhammad Mustafa,مقدم من الدكتور محمد مصطفى,,213
19400-3,Inv. no. 19400/3,Double-Sided Comb,مشط ثنائى الجانب,,,"Wooden comb, partially preserved, with a Kufic inscription on one side and vegetal decoration on the other.",مشط خشبى يحتفظ بهيئته، يحمل نقوشا كتابية بالخط الكوفى على أحد الوجهين وزخرفة نباتية على الوجه الآخر.,,,W: 9.8 cm; H: 11.1 cm,العرض: ٩٫٨ سم، الطول: ١١٫١ سم,,,,,,,,,,,,,,,,,,,,,,,,,,,,,,,,,https://mia.nadimfoundation.org/q19400-3,"=IMAGE(""https://api.qrserver.com/v1/create-qr-code/?size=300x300&margin=8&color=06444C&bgcolor=EAE8D8&data=""&ENCODEURL(AS102))","Registered December 14, 1957",سجل فى ١٤ ديسمبر ١٩٥٧,Purchased from the poet Muhammad ‘Abd al-Rahim,مشترى من الشاعر محمد عبد الرحيم,,214
20660-1,Inv. no. 20660/1,Double-Sided Comb,مشط ذو أسنان من الجانبين,,,"Wooden comb, partially preserved, with inscriptions on both sides set within round cartouches, flanked by decorative medallions and rings-and-dots; one face bears the word al-‘arraf (“the diviner”), the other lafit (“the striking one”).",مشط خشبى يحتفظ بهيئته، يحمل نقوشا كتابية على الوجهين داخل خراطيش دائرية، تحيط بها جامات وزخارف من طراز الحلقة والنقطة. يحمل أحد الوجهين كلمة «العراف» (أى المنجم أو المتنبئ)، ويحمل الوجه الآخر كلمة «لافت» (بمعنى لافت الأنظار).,,,W: 8.7 cm; H: 8.5 cm,العرض: ٨٫٧ سم، الطول: ٨٫٥ سم,,,,,,,,,,,,,,,,,,,,,,,,,,,,,,,,,https://mia.nadimfoundation.org/q20660-1,"=IMAGE(""https://api.qrserver.com/v1/create-qr-code/?size=300x300&margin=8&color=06444C&bgcolor=EAE8D8&data=""&ENCODEURL(AS103))","Registered January 1, 1959",سجل فى ١ يناير ١٩٥٩,,,,215
20660-2,Inv. no. 20660/2,Double-Sided Comb,مشط ذو أسنان من الجانبين,,,"Wooden comb, partially preserved, with an incomplete inscription on both sides in two registers, with interspersed ring-and-dot motifs.",جزء من مشط خشبى، يحمل نقوشا كتابية غير مكتملة على الوجهين، وتقع الكتابات داخل شريطين، وتتخللها زخارف الحلقة والنقطة المميزة.,,,W: 7.5 cm; H: 9.3 cm,العرض: ٧٫٥ سم، الطول: ٩٫٣ سم,,,,,,,,,,,,,,,,,,,,,,,,,,,,,,,,,https://mia.nadimfoundation.org/q20660-2,"=IMAGE(""https://api.qrserver.com/v1/create-qr-code/?size=300x300&margin=8&color=06444C&bgcolor=EAE8D8&data=""&ENCODEURL(AS104))","Registered January 1, 1959",سجل فى ١ يناير ١٩٥٩,,,,216
21520-1,Inv. no. 21520/1,Double-Sided Comb,مشط ذو أسنان من الجانبين,,,"Half of a wooden comb, with part of a cursive inscription located in a central cartouche and another along the surviving edge, set within a decorative medallion.",نصف مشط خشبى عليه جزء من نقش مكتوب بخط متصل داخل خرطوشة مركزية، ونقش آخر على طول الحافة، داخل جامة مزخرفة.,,,W: 4.2 cm; H: 8.2 cm,العرض: ٤٫٢ سم، الطول: ٨٫٢ سم,,,,,,,,,,,,,,,,,,,,,,,,,,,,,,,,,https://mia.nadimfoundation.org/q21520-1,"=IMAGE(""https://api.qrserver.com/v1/create-qr-code/?size=300x300&margin=8&color=06444C&bgcolor=EAE8D8&data=""&ENCODEURL(AS105))","Registered November 18, 1959",سجل فى ١٨ نوفمبر ١٩٥٩,,,,217
21520-2,Inv. no. 21520/2,Double-Sided Comb,مشط ثنائى الجانب,,,"Wooden comb, partially preserved, with inscriptions in medallions and ring-and-dot motifs along the central band and edges.",جزء من مشط خشبى، تزينه نقوش كتابية داخل جامات دائرية، وزخارف الحلقة والنقطة تمتد على الشريط الأوسط والحواف.,,,W: 4.1 cm; H: 9.5 cm,العرض: ٤٫١ سم، الطول: ٩٫٥ سم,,,,,,,,,,,,,,,,,,,,,,,,,,,,,,,,,https://mia.nadimfoundation.org/q21520-2,"=IMAGE(""https://api.qrserver.com/v1/create-qr-code/?size=300x300&margin=8&color=06444C&bgcolor=EAE8D8&data=""&ENCODEURL(AS106))","Registered November 18, 1959",سجل فى ١٨ نوفمبر ١٩٥٩,,,,218
21520-3,Inv. no. 21520/3,Double-Sided Comb,مشط ذو أسنان من الجانبين,,,"Wooden comb with an inscription in a central cartouche, flanked by decorative medallions and rings-and-dots.",مشط خشبى يتوسطه نقش كتابى داخل خرطوشة مركزية، تحف به جامات وزخارف الحلقة والنقطة.,,,W: 3.9 cm; H: 7.7 cm,العرض: ٣٫٩ سم، الطول: ٧٫٧ سم,,,,,,,,,,,,,,,,,,,,,,,,,,,,,,,,,https://mia.nadimfoundation.org/q21520-3,"=IMAGE(""https://api.qrserver.com/v1/create-qr-code/?size=300x300&margin=8&color=06444C&bgcolor=EAE8D8&data=""&ENCODEURL(AS107))","Registered November 18, 1959",سجل فى ١٨ نوفمبر ١٩٥٩,,,,219
21520-4,Inv. no. 21520/4,Double-Sided Comb,مشط ذو أسنان من الجانبين,,,"Wooden comb, partially preserved, with an inscription in the central band interrupted by a medallion bearing a napkin (buqja), representing the rank of the master of robes (jamdar) during the Mamluk period, all flanked by rings-and-dots.",مشط خشبى يحتفظ بهيئته، يحمل فى الشريط الأوسط كتابة تتخللها جامة، ويحمل أحد وجهيها كلمة «عز» وتتوسطها صورة منديل (بقجة)، فى إشارة إلى رتبة مسؤول الملابس (الجمدار) فى العصر المملوكى، وتحيط بها زخارف الحلقة والنقطة.,,,W: 6 cm; H: 6.5 cm,العرض: ٦ سم، الطول: ٦٫٥ سم,,,,,,,,,,,,,,,,,,,,,,,,,,,,,,,,,https://mia.nadimfoundation.org/q21520-4,"=IMAGE(""https://api.qrserver.com/v1/create-qr-code/?size=300x300&margin=8&color=06444C&bgcolor=EAE8D8&data=""&ENCODEURL(AS108))","Registered November 18, 1959",سجل فى ١٨ نوفمبر ١٩٥٩,,,,220
21520-5,Inv. no. 21520/5,Double-Sided Comb,مشط ذو أسنان من الجانبين,,,"Wooden comb, partially preserved, with inscriptions on either face and along the surviving edge, set within decorative medallions.",مشط خشبى يحتفظ بهيئته، يحمل كتابة على وجهيه وعلى الحرف المتبقى، داخل جامات مزخرفة.,,,W: 6 cm; H: 5.2 cm,العرض: ٦ سم، الطول: ٥٫٢ سم,,,,,,,,,,,,,,,,,,,,,,,,,,,,,,,,,https://mia.nadimfoundation.org/q21520-5,"=IMAGE(""https://api.qrserver.com/v1/create-qr-code/?size=300x300&margin=8&color=06444C&bgcolor=EAE8D8&data=""&ENCODEURL(AS109))","Registered November 18, 1959",سجل فى ١٨ نوفمبر ١٩٥٩,,,,221
21520-6,Inv. no. 21520/6,Double-Sided Comb,مشط ذو أسنان من الجانبين,,,"Wooden comb, partially preserved, with inscriptions set within decorative medallions along both faces and the surviving edge.",مشط خشبى يحتفظ بهيئته، يحمل كتابات داخل جامات مزخرفة على كلا الوجهين وعلى بقايا الحافة.,,,W: 4.1 cm; H: 7.8 cm,العرض: ٤٫١ سم، الطول: ٧٫٨ سم,,,,,,,,,,,,,,,,,,,,,,,,,,,,,,,,,https://mia.nadimfoundation.org/q21520-6,"=IMAGE(""https://api.qrserver.com/v1/create-qr-code/?size=300x300&margin=8&color=06444C&bgcolor=EAE8D8&data=""&ENCODEURL(AS110))","Registered November 18, 1959",سجل فى ١٨ نوفمبر ١٩٥٩,,,,221
21618-2,Inv. no. 21618/2,Double-Sided Comb,مشط ذو أسنان من الجانبين,,,"Wooden comb, partially preserved, with a central cartouche inscribed with an inscription in naskh with the partially legible word rafi‘ (“fine” or “exalted”). on one face, and decorative rings-and-dots.",جزء من مشط خشبى، تتوسطه خرطوشة تحمل كتابة بخط النسخ لكلمة «رفيع»، وهى مقروءة بشكل جزئى على أحد الوجهين، وتحيط بها وحدات من زخارف الحلقة والنقطة.,,,W: 5.3 cm; H: 8.5 cm,العرض: ٥٫٣ سم، الطول: ٨٫٥ سم,,,,,,,,,,,,,,,,,,,,,,,,,,,,,,,,,https://mia.nadimfoundation.org/q21618-2,"=IMAGE(""https://api.qrserver.com/v1/create-qr-code/?size=300x300&margin=8&color=06444C&bgcolor=EAE8D8&data=""&ENCODEURL(AS111))",,,,,,222
23497,Inv. no. 23497,Double-Sided Comb,مشط ذو أسنان من الجانبين,From excavations in al-Fustat,من حفائر الفسطاط,"Wooden hair comb, double-sided, with one row of coarse teeth and another of fine teeth. A central band separates the two rows, bearing inscriptions on both faces. One side reads: “The most noble lord”, while the other names “Nasir al-Din Muhammad”. Circular medallions appear at the end of the band, forming the common dedicatory phrase, “Eternal Glory”, bordered by an arrangement of rings-and-dots.",مشط شعر خشبى ذو أسنان من الجانبين، يضم صفا من الأسنان العريضة من ناحية، وصفا آخر من الأسنان الدقيقة من الناحية الأخرى. ويفصل بينهما شريط كتابى فى المنتصف على الوجهين، يقرأ على أحدهما: «بسم الواحد الأحد»، بينما يذكر على الآخر «ناصر الدين محمد». ويحمل طرفا المشط جامتين دائريتين تكملان صيغة الإهداء الشائعة، إحداهما تحمل كلمة «عز»، والأخرى تحمل كلمة «دائم»، وتحيط بهما زخارف مرتبة من حلقات ونقاط.,,,W: 9.5 cm; H: 7.7 cm,العرض: ٩٫٥ سم، الطول: ٧٫٧ سم,,,,,,,,,,,,,,,,,,,,,,,,,,,,,,,,,https://mia.nadimfoundation.org/q23497,"=IMAGE(""https://api.qrserver.com/v1/create-qr-code/?size=300x300&margin=8&color=06444C&bgcolor=EAE8D8&data=""&ENCODEURL(AS112))","Registered February 24, 1966",سجل فى ٢٤ فبراير ١٩٦٦,,,,223
4926,Inv. no. 4926,Double-Sided Comb,مشط ذو أسنان من الجانبين,From the ruins of al-Fustat,من آثار الفسطاط,"Fragment of a wooden comb with an inscription along the edge which bears the name: “Sayf al-Din Baktimur al-Silahdar”, and half of a central rank bearing the symbol of the sword-bearer (silahdar).",جزء من مشط خشبى بنقش على الحافة يحمل اسم: «سيف الدين بكتمر السلحدار» مع نصف رنك فى المنتصف يرمز لرتبة حامل السلاح (السلحدار). وكان صاحب القطعة، الأمير سيف الدين بكتمر السلحدار (توفى ٧٣٣ هـ / ١٣٣٣ م)، أحد أبرز الشخصيات فى فترة الحكم الثالثة للسلطان الناصر محمد بن قلاوون، وتتناسب دقة الحفر فى هذه القطعة، خاصة على حافتها الرقيقة جدا، مع مكانته الرفيعة بين النخبة المملوكية.,"Bahri Mamluk, 668-733 AH / 1270s-1333 CE",مملوكى بحرى، ١٢٥٠-١٥١٧ م,W: 4.4 cm; H: 9.1 cm,العرض: ٤٫٤ سم، الطول: ٩٫١ سم,,,,,,,,,,,,,,,,,,,,,,,,,,,,,,,,,https://mia.nadimfoundation.org/q4926,"=IMAGE(""https://api.qrserver.com/v1/create-qr-code/?size=300x300&margin=8&color=06444C&bgcolor=EAE8D8&data=""&ENCODEURL(AS113))",,,,,,226
8199,Inv. no. 8199,Double-Sided Comb,مشط ذو أسنان من الجانبين,,,"Wooden comb, partially preserved, with openwork decoration and a central rank bearing the cup of the cup-bearer (saqi). The sides bear a partially-preserved inscription in naskh, carved in relief.",مشط خشبى يحتفظ بهيئته، عليه زخارف مفرغة وجامة مركزية تحمل رنكا برتبة كأس الساقى، ويظهر على جانبى المشط بقايا نقوش بارزة بخط النسخ.,"Mamluk, 648-923 AH / 1250-1517 CE",مملوكى، ٦٤٨-٩٢٣ هـ / ١٢٥٠-١٥١٧ م,W: 3.2 cm; H: 9 cm,العرض: ٣٫٢ سم، الطول: ٩ سم,,,,,,,,,,,,,,,,,,,,,,,,,,,,,,,,,https://mia.nadimfoundation.org/q8199,"=IMAGE(""https://api.qrserver.com/v1/create-qr-code/?size=300x300&margin=8&color=06444C&bgcolor=EAE8D8&data=""&ENCODEURL(AS114))","Registered June 24, 1928",سجل فى ٢٤ يونيو ١٩٢٨,Purchased from al-Haj ‘Abd al-Ghaffar,مشترى من الحاج عبد الغفار,,227
18762-1,Inv. no. 18762/1,Double-Sided Comb,مشط ذو أسنان من الجانبين,,,"Wooden comb, partially preserved, with a central rank bearing the napkin (buqja) of the master of robes (jamdar).",مشط خشبى يحتفظ بهيئته، مع رنك فى المنتصف يحمل رمز المنديل (البقجة) الذى يرمز إلى مسؤول الملابس (الجمدار).,"Mamluk, 648-923 AH / 1250-1517 CE",مملوكى، ٦٤٨-٩٢٣ هـ / ١٢٥٠-١٥١٧ م,W: 3.2 cm; H: 6 cm,العرض: ٣٫٢ سم، الطول: ٦ سم,,,,,,,,,,,,,,,,,,,,,,,,,,,,,,,,,https://mia.nadimfoundation.org/q18762-1,"=IMAGE(""https://api.qrserver.com/v1/create-qr-code/?size=300x300&margin=8&color=06444C&bgcolor=EAE8D8&data=""&ENCODEURL(AS115))","Registered March 6, 1957",سجل فى ٦ مارس ١٩٥٧,Submitted by Dr. Muhammad Mustafa,مقدم من الدكتور محمد مصطفى,,228
18762-2,Inv. no. 18762/2,Double-Sided Comb,مشط ذو أسنان من الجانبين,,,"Wooden comb, partially preserved, decorated with medallions and rings-and-dots and possibly a badly-faded rank in the center.",مشط خشبى يحتفظ بهيئته، مزدان بجامات وزخارف من الحلقات والنقاط، مع احتمال وجود رنك باهت جدا فى المنتصف.,"Mamluk, 648-923 AH / 1250-1517 CE",مملوكى، ٦٤٨-٩٢٣ هـ / ١٢٥٠-١٥١٧ م,"W: 3.5 cm, H: 8.2 cm",العرض: ٣٫٥ سم، الطول: ٨٫٢ سم,,,,,,,,,,,,,,,,,,,,,,,,,,,,,,,,,https://mia.nadimfoundation.org/q18762-2,"=IMAGE(""https://api.qrserver.com/v1/create-qr-code/?size=300x300&margin=8&color=06444C&bgcolor=EAE8D8&data=""&ENCODEURL(AS116))","Registered March 6, 1957",سجل فى ٦ مارس ١٩٥٧,Submitted by Dr. Muhammad Mustafa,مقدم من الدكتور محمد مصطفى,,229
18765-7,Inv. no. 18765/7,Double-Sided Comb,مشط ذو أسنان من الجانبين,,,"Wooden comb, partially preserved, with shield-like motifs on both sides.",مشط خشبى بعض أسنانه (أو أجزاء منها) مفقودة بزخارف على شكل درع على كلا الوجهين.,,,W: 11.5 cm; H: 12 cm,العرض: ١١٫٥ سم، الطول: ١٢ سم,,,,,,,,,,,,,,,,,,,,,,,,,,,,,,,,,https://mia.nadimfoundation.org/q18765-7,"=IMAGE(""https://api.qrserver.com/v1/create-qr-code/?size=300x300&margin=8&color=06444C&bgcolor=EAE8D8&data=""&ENCODEURL(AS117))","Registered March 6, 1957",سجل فى ٦ مارس ١٩٥٧,Submitted by Dr. Muhammad Mustafa,مقدم من الدكتور محمد مصطفى,,232
18766-2,Inv. no. 18766/2,Double-Sided Comb,مشط ذو أسنان من الجانبين,,,"Wooden comb, partially preserved, carved with intersecting four-petalled medallions on both sides.",مشط خشبى يحتفظ بهيئته، محفور بزخارف متقاطعة ذات أربع بتلات على كلا الوجهين.,,,W: 10.8 cm; H: 8.9 cm,العرض: ١٠٫٨ سم، الطول: ٨٫٩ سم,,,,,,,,,,,,,,,,,,,,,,,,,,,,,,,,,https://mia.nadimfoundation.org/q18766-2,"=IMAGE(""https://api.qrserver.com/v1/create-qr-code/?size=300x300&margin=8&color=06444C&bgcolor=EAE8D8&data=""&ENCODEURL(AS118))","Registered March 6, 1957",سجل فى ٦ مارس ١٩٥٧,Submitted by Dr. Muhammad Mustafa,مقدم من الدكتور محمد مصطفى,,233
4931,Inv. no. 4931,Double-Sided Comb,مشط ذو أسنان من الجانبين,From the ruins of al-Fustat,من آثار الفسطاط,"Wooden comb from Fustat, decorated with a large central medallion and prominent ring-and-dot motifs.",مشط خشبى تتوسطه جامة كبيرة مع زخارف بارزة تتخذ شكل الحلقة والنقطة.,,مملوكى، ١٢٥٠-١٥١٧,"W: 7.8 cm, H: 7 cm",العرض: ٧٫٨ سم، الطول: ٧ سم,,,,,,,,,,,,,,,,,,,,,,,,,,,,,,,,,https://mia.nadimfoundation.org/q4931,"=IMAGE(""https://api.qrserver.com/v1/create-qr-code/?size=300x300&margin=8&color=06444C&bgcolor=EAE8D8&data=""&ENCODEURL(AS119))",,,,,,236
18766-1,Inv. no. 18766/1,Double-Sided Comb,مشط ذو أسنان من الجانبين,,,"A collection of double-sided wooden combs decorated with varying arrangements of medallions, rings-and-dots, and simple incised marginal lines.",مجموعة من الأمشاط الخشبية ذات أسنان من الجانبين ، تزينها تشكيلات متنوعة من الجامات وزخارف الحلقة والنقطة، مع خطوط هامشية محفورة على الحواف.,,,W: 8.6 cm; H: 8.1 cm,العرض: ٨٫٦ سم، الارتفاع: ٨٫١ سم,,,,,,,,,,,,,,,,,,,,,,,,,,,,,,,,,https://mia.nadimfoundation.org/q18766-1,"=IMAGE(""https://api.qrserver.com/v1/create-qr-code/?size=300x300&margin=8&color=06444C&bgcolor=EAE8D8&data=""&ENCODEURL(AS120))","Registered March 6th and 9th, 1957",سجلت فى ٦ و ٩ مارس ١٩٥٧,Submitted by Dr. Muhammad Mustafa,مقدمة من الدكتور محمد مصطفى,135,237
18766-3,Inv. no. 18766/3,Double-Sided Comb,مشط ذو أسنان من الجانبين,,,"A collection of double-sided wooden combs decorated with varying arrangements of medallions, rings-and-dots, and simple incised marginal lines.",مجموعة من الأمشاط الخشبية ذات أسنان من الجانبين ، تزينها تشكيلات متنوعة من الجامات وزخارف الحلقة والنقطة، مع خطوط هامشية محفورة على الحواف.,,,W: 6.9 cm; H: 11.5 cm,العرض: ٦٫٩ سم، الارتفاع: ١١٫٥ سم,,,,,,,,,,,,,,,,,,,,,,,,,,,,,,,,,https://mia.nadimfoundation.org/q18766-3,"=IMAGE(""https://api.qrserver.com/v1/create-qr-code/?size=300x300&margin=8&color=06444C&bgcolor=EAE8D8&data=""&ENCODEURL(AS121))","Registered March 6th and 9th, 1957",سجلت فى ٦ و ٩ مارس ١٩٥٧,Submitted by Dr. Muhammad Mustafa,مقدمة من الدكتور محمد مصطفى,136,237
18860-2,Inv. no. 18860/2,Double-Sided Comb,مشط ذو أسنان من الجانبين,,,"A collection of double-sided wooden combs decorated with varying arrangements of medallions, rings-and-dots, and simple incised marginal lines.",مجموعة من الأمشاط الخشبية ذات أسنان من الجانبين ، تزينها تشكيلات متنوعة من الجامات وزخارف الحلقة والنقطة، مع خطوط هامشية محفورة على الحواف.,,,W: 8.3 cm; H: 8.1 cm,العرض: ٨٫٣ سم، الارتفاع: ٨٫١ سم,,,,,,,,,,,,,,,,,,,,,,,,,,,,,,,,,https://mia.nadimfoundation.org/q18860-2,"=IMAGE(""https://api.qrserver.com/v1/create-qr-code/?size=300x300&margin=8&color=06444C&bgcolor=EAE8D8&data=""&ENCODEURL(AS122))","Registered March 6th and 9th, 1957",سجلت فى ٦ و ٩ مارس ١٩٥٧,Submitted by Dr. Muhammad Mustafa,مقدمة من الدكتور محمد مصطفى,137,237
18860-5,Inv. no. 18860/5,Double-Sided Comb,مشط ذو أسنان من الجانبين,,,"A collection of double-sided wooden combs decorated with varying arrangements of medallions, rings-and-dots, and simple incised marginal lines.",مجموعة من الأمشاط الخشبية ذات أسنان من الجانبين ، تزينها تشكيلات متنوعة من الجامات وزخارف الحلقة والنقطة، مع خطوط هامشية محفورة على الحواف.,,,W: 9.2 cm; H: 7.6 cm,العرض: ٩٫٢ سم، الارتفاع: ٧٫٦ سم,,,,,,,,,,,,,,,,,,,,,,,,,,,,,,,,,https://mia.nadimfoundation.org/q18860-5,"=IMAGE(""https://api.qrserver.com/v1/create-qr-code/?size=300x300&margin=8&color=06444C&bgcolor=EAE8D8&data=""&ENCODEURL(AS123))","Registered March 6th and 9th, 1957",سجلت فى ٦ و ٩ مارس ١٩٥٧,Submitted by Dr. Muhammad Mustafa,مقدمة من الدكتور محمد مصطفى,138,237
18860-6,Inv. no. 18860/6,Double-Sided Comb,مشط ذو أسنان من الجانبين,,,"A collection of double-sided wooden combs decorated with varying arrangements of medallions, rings-and-dots, and simple incised marginal lines.",مجموعة من الأمشاط الخشبية ذات أسنان من الجانبين ، تزينها تشكيلات متنوعة من الجامات وزخارف الحلقة والنقطة، مع خطوط هامشية محفورة على الحواف.,,,W: 7.6 cm; H: 7.8 cm,العرض: ٧٫٦ سم، الارتفاع: ٧٫٨ سم,,,,,,,,,,,,,,,,,,,,,,,,,,,,,,,,,https://mia.nadimfoundation.org/q18860-6,"=IMAGE(""https://api.qrserver.com/v1/create-qr-code/?size=300x300&margin=8&color=06444C&bgcolor=EAE8D8&data=""&ENCODEURL(AS124))","Registered March 6th and 9th, 1957",سجلت فى ٦ و ٩ مارس ١٩٥٧,Submitted by Dr. Muhammad Mustafa,مقدمة من الدكتور محمد مصطفى,139,237
18860-7,Inv. no. 18860/7,Double-Sided Comb,مشط ذو أسنان من الجانبين,,,"A collection of double-sided wooden combs decorated with varying arrangements of medallions, rings-and-dots, and simple incised marginal lines.",مجموعة من الأمشاط الخشبية ذات أسنان من الجانبين ، تزينها تشكيلات متنوعة من الجامات وزخارف الحلقة والنقطة، مع خطوط هامشية محفورة على الحواف.,,,W: 5.2 cm; H: 6 cm,العرض: ٥٫٢ سم، الارتفاع: ٦ سم,,,,,,,,,,,,,,,,,,,,,,,,,,,,,,,,,https://mia.nadimfoundation.org/q18860-7,"=IMAGE(""https://api.qrserver.com/v1/create-qr-code/?size=300x300&margin=8&color=06444C&bgcolor=EAE8D8&data=""&ENCODEURL(AS125))","Registered March 6th and 9th, 1957",سجلت فى ٦ و ٩ مارس ١٩٥٧,Submitted by Dr. Muhammad Mustafa,مقدمة من الدكتور محمد مصطفى,140,237
3867,Inv. no. 3867,Double-Sided Comb,مشط ذو أسنان من الجانبين,,,"Wide wooden comb, decorated with a central openwork band surrounded by ring-and-dot motifs. The edges bear the remains of prominent finials, only partially preserved.",مشط خشبى كبير، يتوسطه شريط زخرفى مفرغ تحيط به وحدات الحلقة والنقطة، وعلى الحافتين تظهر بقايا زخارف بارزة لم يبق منها سوى أجزاء محدودة.,,,W: 11.9 cm; H: 7.1 cm,العرض: ١١٫٩ سم، الطول: ٧٫١ سم,,,,,,,,,,,,,,,,,,,,,,,,,,,,,,,,,https://mia.nadimfoundation.org/q3867,"=IMAGE(""https://api.qrserver.com/v1/create-qr-code/?size=300x300&margin=8&color=06444C&bgcolor=EAE8D8&data=""&ENCODEURL(AS126))",,,,,,246
4938,Inv. no. 4938,Double-Sided Comb,مشط ذو أسنان من الجانبين,From the ruins of al-Fustat,من آثار الفسطاط,"A collection of wooden combs from Fustat, all decorated with openwork designs in varying degrees of complexity and refinement.",مجموعة من الأمشاط الخشبية من الفسطاط تزدان بزخارف مفرغة تتفاوت فى دقة تنفيذها وتعقيدها.,,,W: 6.2 cm; H: 12.4 cm,العرض: ٦٫٢ سم، الطول: ١٢٫٤ سم,,,,,,,,,,,,,,,,,,,,,,,,,,,,,,,,,https://mia.nadimfoundation.org/q4938,"=IMAGE(""https://api.qrserver.com/v1/create-qr-code/?size=300x300&margin=8&color=06444C&bgcolor=EAE8D8&data=""&ENCODEURL(AS127))",,,,,142,247
4939,Inv. no. 4939,Double-Sided Comb,مشط ذو أسنان من الجانبين,From the ruins of al-Fustat,من آثار الفسطاط,"A collection of wooden combs from Fustat, all decorated with openwork designs in varying degrees of complexity and refinement.",مجموعة من الأمشاط الخشبية من الفسطاط تزدان بزخارف مفرغة تتفاوت فى دقة تنفيذها وتعقيدها.,,,W: 6.1 cm; H: 13 cm,العرض: ٦٫١ سم، الطول: ١٣ سم,,,,,,,,,,,,,,,,,,,,,,,,,,,,,,,,,https://mia.nadimfoundation.org/q4939,"=IMAGE(""https://api.qrserver.com/v1/create-qr-code/?size=300x300&margin=8&color=06444C&bgcolor=EAE8D8&data=""&ENCODEURL(AS128))",,,,,143,247
4941,Inv. no. 4941,Double-Sided Comb,مشط ذو أسنان من الجانبين,From the ruins of al-Fustat,من آثار الفسطاط,"A collection of wooden combs from Fustat, all decorated with openwork designs in varying degrees of complexity and refinement.",مجموعة من الأمشاط الخشبية من الفسطاط تزدان بزخارف مفرغة تتفاوت فى دقة تنفيذها وتعقيدها.,,,W: 3.2 cm; H: 10.1 cm,العرض: ٣٫٢ سم، الطول: ١٠٫١ سم,,,,,,,,,,,,,,,,,,,,,,,,,,,,,,,,,https://mia.nadimfoundation.org/q4941,"=IMAGE(""https://api.qrserver.com/v1/create-qr-code/?size=300x300&margin=8&color=06444C&bgcolor=EAE8D8&data=""&ENCODEURL(AS129))",,,,,144,247
4942,Inv. no. 4942,Double-Sided Comb,مشط ذو أسنان من الجانبين,From the ruins of al-Fustat,من آثار الفسطاط,"A collection of wooden combs from Fustat, all decorated with openwork designs in varying degrees of complexity and refinement.",مجموعة من الأمشاط الخشبية من الفسطاط تزدان بزخارف مفرغة تتفاوت فى دقة تنفيذها وتعقيدها.,,,W: 5.6 cm; H: 10.9 cm,العرض: ٥٫٦ سم، الطول: ١٠٫٩ سم,,,,,,,,,,,,,,,,,,,,,,,,,,,,,,,,,https://mia.nadimfoundation.org/q4942,"=IMAGE(""https://api.qrserver.com/v1/create-qr-code/?size=300x300&margin=8&color=06444C&bgcolor=EAE8D8&data=""&ENCODEURL(AS130))",,,,,145,247
4946,Inv. no. 4946,Double-Sided Comb,مشط ذو أسنان من الجانبين,From the ruins of al-Fustat,من آثار الفسطاط,"Half a wooden comb from Fustat, decorated with ring-and-dot motifs and simple openwork dots in the central band. The decoration continues along the undulating base of the comb, from which the thicker set of teeth emerge.",نصف مشط خشبى من الفسطاط يزدان بزخارف الحلقة والنقطة، مع زخارف مفرغة داخل شريط مركزى. تمتد الزخارف على طول القاعدة المتموجة التى تنبثق منها مجموعة الأسنان العريضة.,,,W: 7.5 cm; H: 10.4 cm,العرض: ٧٫٥ سم، الطول: ١٠٫٤ سم,,,,,,,,,,,,,,,,,,,,,,,,,,,,,,,,,https://mia.nadimfoundation.org/q4946,"=IMAGE(""https://api.qrserver.com/v1/create-qr-code/?size=300x300&margin=8&color=06444C&bgcolor=EAE8D8&data=""&ENCODEURL(AS131))",,,,,,250
6621-1,Inv. no. 6621/1,Double-Sided Comb,مشط ذو أسنان من الجانبين,,,"Double-sided comb decorated with an openwork central panel decorated with a repeating pattern of interlocking circles enclosing four-petalled stars, the intersections filled with small diamonds. The panel is flanked either side by plain bands pierced with small round holes.",مشط بحشوة مركزية مفرغة، تزدان بنقوش متكررة لدوائر متشابكة تتوسطها نجوم رباعية البتلات، بينما تملأ معينات صغيرة زوايا التقاطعات. ويحيط بهذه الحشوة شريطان خاليان من الزخارف، يتخللهما ثقوب دائرية دقيقة.,,,W: 4.3 cm; H: 11 cm,العرض: ٤٫٣ سم، الطول: ١١ سم,,,,,,,,,,,,,,,,,,,,,,,,,,,,,,,,,https://mia.nadimfoundation.org/q6621-1,"=IMAGE(""https://api.qrserver.com/v1/create-qr-code/?size=300x300&margin=8&color=06444C&bgcolor=EAE8D8&data=""&ENCODEURL(AS132))","Registered January 3, 1924",سجل فى ٣ يناير ١٩٢٤,Purchased from the collection of Muhammad Sa‘d Ahmad,مشترى من محمد سعد أحمد,,251
7936-1,Inv. no. 7936/1,Double-Sided Comb,مشط ذو أسنان من الجانبين,,,"Two double-sided combs of unknown origin, decorated with simple openwork designs. No. 7936/4 is also decorated on its primary face with ring-and-dot motifs and a large sunken square, pierced with a hole at its center.",مشطان غير معروف مصدرهما، يزدان كل منهما بتصاميم مفرغة بسيطة، وتتفرد القطعة رقم ٧٩٣٦/٤ بزخارف الحلقة والنقطة على وجهها الرئيسى، بالإضافة إلى مربع غائر كبير يتوسطه ثقب صغير.,,,W: 4.9 cm; H: 12.6 cm,العرض: ٤٫٩ سم، الطول: ١٢٫٦ سم,,,,,,,,,,,,,,,,,,,,,,,,,,,,,,,,,https://mia.nadimfoundation.org/q7936-1,"=IMAGE(""https://api.qrserver.com/v1/create-qr-code/?size=300x300&margin=8&color=06444C&bgcolor=EAE8D8&data=""&ENCODEURL(AS133))","Registered December 22, 1924",سجل فى ٢٢ ديسمبر ١٩٢٧,Purchased from al-Haj ‘Abd al-Ghaffar,مشترى من الحاج عبد الغفار,148,252
7936-4,Inv. no. 7936/4,Double-Sided Comb,مشط ذو أسنان من الجانبين,,,"Two double-sided combs of unknown origin, decorated with simple openwork designs. No. 7936/4 is also decorated on its primary face with ring-and-dot motifs and a large sunken square, pierced with a hole at its center.",مشطان غير معروف مصدرهما، يزدان كل منهما بتصاميم مفرغة بسيطة، وتتفرد القطعة رقم ٧٩٣٦/٤ بزخارف الحلقة والنقطة على وجهها الرئيسى، بالإضافة إلى مربع غائر كبير يتوسطه ثقب صغير.,,,W: 4.3 cm; H: 11.7 cm,العرض: ٤٫٣ سم، الطول: ١١٫٧ سم,,,,,,,,,,,,,,,,,,,,,,,,,,,,,,,,,https://mia.nadimfoundation.org/q7936-4,"=IMAGE(""https://api.qrserver.com/v1/create-qr-code/?size=300x300&margin=8&color=06444C&bgcolor=EAE8D8&data=""&ENCODEURL(AS134))","Registered December 22, 1924",سجل فى ٢٢ ديسمبر ١٩٢٧,Purchased from al-Haj ‘Abd al-Ghaffar,مشترى من الحاج عبد الغفار,149,252
18761-1,Inv. no. 18761/1,Double-Sided Comb,مشط ذو أسنان من الجانبين,,,"Double-sided combs decorated with openwork designs, medallions, quincunxes, and ring-and-dot motifs, either recessed or flush with the surface. Handles are typically straight, though some examples feature a gentle curve or flare, or rounded finials.",أمشاط ذات أسنان من الجانبين تزدان بتصاميم مفرغة وجامات وأشكال خماسية وزخارف الحلقة والنقطة، سواء كانت غائرة أو مستوية مع السطح. وتأتى المقابض عادة مستقيمة، وإن كانت بعض النماذج تتميز بانحناءات أو أطراف متباعدة، أو حواف مستديرة.,,,W: 6.6 cm; H: 10.6 cm,العرض: ٦٫٦ سم، الارتفاع: ١٠٫٦ سم,,,,,,,,,,,,,,,,,,,,,,,,,,,,,,,,,https://mia.nadimfoundation.org/q18761-1,"=IMAGE(""https://api.qrserver.com/v1/create-qr-code/?size=300x300&margin=8&color=06444C&bgcolor=EAE8D8&data=""&ENCODEURL(AS135))","Registered March 6, 1957",سجلت فى ٦ مارس ١٩٥٧,Submitted by Dr. Muhammad Mustafa,مقدمة من الدكتور محمد مصطفى,150,254
18761-2,Inv. no. 18761/2,Double-Sided Comb,مشط ذو أسنان من الجانبين,,,"Double-sided combs decorated with openwork designs, medallions, quincunxes, and ring-and-dot motifs, either recessed or flush with the surface. Handles are typically straight, though some examples feature a gentle curve or flare, or rounded finials.",أمشاط ذات أسنان من الجانبين تزدان بتصاميم مفرغة وجامات وأشكال خماسية وزخارف الحلقة والنقطة، سواء كانت غائرة أو مستوية مع السطح. وتأتى المقابض عادة مستقيمة، وإن كانت بعض النماذج تتميز بانحناءات أو أطراف متباعدة، أو حواف مستديرة.,,,W: 4.1 cm; H: 10.5 cm,العرض: ٤٫١ سم، الارتفاع: ١٠٫٥ سم,,,,,,,,,,,,,,,,,,,,,,,,,,,,,,,,,https://mia.nadimfoundation.org/q18761-2,"=IMAGE(""https://api.qrserver.com/v1/create-qr-code/?size=300x300&margin=8&color=06444C&bgcolor=EAE8D8&data=""&ENCODEURL(AS136))","Registered March 6, 1957",سجلت فى ٦ مارس ١٩٥٧,Submitted by Dr. Muhammad Mustafa,مقدمة من الدكتور محمد مصطفى,151,254
18761-3,Inv. no. 18761/3,Double-Sided Comb,مشط ذو أسنان من الجانبين,,,"Double-sided combs decorated with openwork designs, medallions, quincunxes, and ring-and-dot motifs, either recessed or flush with the surface. Handles are typically straight, though some examples feature a gentle curve or flare, or rounded finials.",أمشاط ذات أسنان من الجانبين تزدان بتصاميم مفرغة وجامات وأشكال خماسية وزخارف الحلقة والنقطة، سواء كانت غائرة أو مستوية مع السطح. وتأتى المقابض عادة مستقيمة، وإن كانت بعض النماذج تتميز بانحناءات أو أطراف متباعدة، أو حواف مستديرة.,,,W: 5.9 cm; H: 9.4 cm,العرض: ٥٫٩ سم، الطول: ٩٫٤ سم,,,,,,,,,,,,,,,,,,,,,,,,,,,,,,,,,https://mia.nadimfoundation.org/q18761-3,"=IMAGE(""https://api.qrserver.com/v1/create-qr-code/?size=300x300&margin=8&color=06444C&bgcolor=EAE8D8&data=""&ENCODEURL(AS137))","Registered March 6, 1957",سجلت فى ٦ مارس ١٩٥٧,Submitted by Dr. Muhammad Mustafa,مقدمة من الدكتور محمد مصطفى,152,254
18761-4,Inv. no. 18761/4,Double-Sided Comb,مشط ذو أسنان من الجانبين,,,"Double-sided combs decorated with openwork designs, medallions, quincunxes, and ring-and-dot motifs, either recessed or flush with the surface. Handles are typically straight, though some examples feature a gentle curve or flare, or rounded finials.",أمشاط ذات أسنان من الجانبين تزدان بتصاميم مفرغة وجامات وأشكال خماسية وزخارف الحلقة والنقطة، سواء كانت غائرة أو مستوية مع السطح. وتأتى المقابض عادة مستقيمة، وإن كانت بعض النماذج تتميز بانحناءات أو أطراف متباعدة، أو حواف مستديرة.,,,W: 6.8 cm; H: 11.1 cm,العرض: ٦٫٨ سم، الارتفاع: ١١٫١ سم,,,,,,,,,,,,,,,,,,,,,,,,,,,,,,,,,https://mia.nadimfoundation.org/q18761-4,"=IMAGE(""https://api.qrserver.com/v1/create-qr-code/?size=300x300&margin=8&color=06444C&bgcolor=EAE8D8&data=""&ENCODEURL(AS138))","Registered March 6, 1957",سجلت فى ٦ مارس ١٩٥٧,Submitted by Dr. Muhammad Mustafa,مقدمة من الدكتور محمد مصطفى,153,254
18761-5,Inv. no. 18761/5,Double-Sided Comb,مشط ذو أسنان من الجانبين,,,"Double-sided combs decorated with openwork designs, medallions, quincunxes, and ring-and-dot motifs, either recessed or flush with the surface. Handles are typically straight, though some examples feature a gentle curve or flare, or rounded finials.",أمشاط ذات أسنان من الجانبين تزدان بتصاميم مفرغة وجامات وأشكال خماسية وزخارف الحلقة والنقطة، سواء كانت غائرة أو مستوية مع السطح. وتأتى المقابض عادة مستقيمة، وإن كانت بعض النماذج تتميز بانحناءات أو أطراف متباعدة، أو حواف مستديرة.,,,W: 5.5 cm; H: 11.2 cm,العرض: ٥٫٥ سم، الارتفاع: ١١٫٢ سم,,,,,,,,,,,,,,,,,,,,,,,,,,,,,,,,,https://mia.nadimfoundation.org/q18761-5,"=IMAGE(""https://api.qrserver.com/v1/create-qr-code/?size=300x300&margin=8&color=06444C&bgcolor=EAE8D8&data=""&ENCODEURL(AS139))","Registered March 6, 1957",سجلت فى ٦ مارس ١٩٥٧,Submitted by Dr. Muhammad Mustafa,مقدمة من الدكتور محمد مصطفى,154,254
18761-6,Inv. no. 18761/6,Double-Sided Comb,مشط ذو أسنان من الجانبين,,,"Double-sided combs decorated with openwork designs, medallions, quincunxes, and ring-and-dot motifs, either recessed or flush with the surface. Handles are typically straight, though some examples feature a gentle curve or flare, or rounded finials.",أمشاط ذات أسنان من الجانبين تزدان بتصاميم مفرغة وجامات وأشكال خماسية وزخارف الحلقة والنقطة، سواء كانت غائرة أو مستوية مع السطح. وتأتى المقابض عادة مستقيمة، وإن كانت بعض النماذج تتميز بانحناءات أو أطراف متباعدة، أو حواف مستديرة.,,,W: 3.3 cm; H: 12.3 cm,العرض: ٣٫٣ سم، الارتفاع: ١٢٫٣ سم,,,,,,,,,,,,,,,,,,,,,,,,,,,,,,,,,https://mia.nadimfoundation.org/q18761-6,"=IMAGE(""https://api.qrserver.com/v1/create-qr-code/?size=300x300&margin=8&color=06444C&bgcolor=EAE8D8&data=""&ENCODEURL(AS140))","Registered March 6, 1957",سجلت فى ٦ مارس ١٩٥٧,Submitted by Dr. Muhammad Mustafa,مقدمة من الدكتور محمد مصطفى,155,254
18761-7,Inv. no. 18761/7,Double-Sided Comb,مشط ذو أسنان من الجانبين,,,"Double-sided combs decorated with openwork designs, medallions, quincunxes, and ring-and-dot motifs, either recessed or flush with the surface. Handles are typically straight, though some examples feature a gentle curve or flare, or rounded finials.",أمشاط ذات أسنان من الجانبين تزدان بتصاميم مفرغة وجامات وأشكال خماسية وزخارف الحلقة والنقطة، سواء كانت غائرة أو مستوية مع السطح. وتأتى المقابض عادة مستقيمة، وإن كانت بعض النماذج تتميز بانحناءات أو أطراف متباعدة، أو حواف مستديرة.,,,W: 5.4 cm; H: 11 cm,العرض: ٥٫٤ سم، الارتفاع: ١١ سم,,,,,,,,,,,,,,,,,,,,,,,,,,,,,,,,,https://mia.nadimfoundation.org/q18761-7,"=IMAGE(""https://api.qrserver.com/v1/create-qr-code/?size=300x300&margin=8&color=06444C&bgcolor=EAE8D8&data=""&ENCODEURL(AS141))","Registered March 6, 1957",سجلت فى ٦ مارس ١٩٥٧,Submitted by Dr. Muhammad Mustafa,مقدمة من الدكتور محمد مصطفى,156,254
18761-8,Inv. no. 18761/8,Double-Sided Comb,مشط ذو أسنان من الجانبين,,,"Double-sided combs decorated with openwork designs, medallions, quincunxes, and ring-and-dot motifs, either recessed or flush with the surface. Handles are typically straight, though some examples feature a gentle curve or flare, or rounded finials.",أمشاط ذات أسنان من الجانبين تزدان بتصاميم مفرغة وجامات وأشكال خماسية وزخارف الحلقة والنقطة، سواء كانت غائرة أو مستوية مع السطح. وتأتى المقابض عادة مستقيمة، وإن كانت بعض النماذج تتميز بانحناءات أو أطراف متباعدة، أو حواف مستديرة.,,,W: 5.7 cm; H: 9.4 cm,العرض: ٥٫٧ سم، الارتفاع: ٩٫٤ سم,,,,,,,,,,,,,,,,,,,,,,,,,,,,,,,,,https://mia.nadimfoundation.org/q18761-8,"=IMAGE(""https://api.qrserver.com/v1/create-qr-code/?size=300x300&margin=8&color=06444C&bgcolor=EAE8D8&data=""&ENCODEURL(AS142))","Registered March 6, 1957",سجلت فى ٦ مارس ١٩٥٧,Submitted by Dr. Muhammad Mustafa,مقدمة من الدكتور محمد مصطفى,157,254
18761-9,Inv. no. 18761/9,Double-Sided Comb,مشط ذو أسنان من الجانبين,,,"Double-sided combs decorated with openwork designs, medallions, quincunxes, and ring-and-dot motifs, either recessed or flush with the surface. Handles are typically straight, though some examples feature a gentle curve or flare, or rounded finials.",أمشاط ذات أسنان من الجانبين تزدان بتصاميم مفرغة وجامات وأشكال خماسية وزخارف الحلقة والنقطة، سواء كانت غائرة أو مستوية مع السطح. وتأتى المقابض عادة مستقيمة، وإن كانت بعض النماذج تتميز بانحناءات أو أطراف متباعدة، أو حواف مستديرة.,,,W: 6.9 cm; H: 12.7 cm,العرض: ٦٫٩ سم، الارتفاع: ١٢٫٧ سم,,,,,,,,,,,,,,,,,,,,,,,,,,,,,,,,,https://mia.nadimfoundation.org/q18761-9,"=IMAGE(""https://api.qrserver.com/v1/create-qr-code/?size=300x300&margin=8&color=06444C&bgcolor=EAE8D8&data=""&ENCODEURL(AS143))","Registered March 6, 1957",سجلت فى ٦ مارس ١٩٥٧,Submitted by Dr. Muhammad Mustafa,مقدمة من الدكتور محمد مصطفى,158,254
18761-10,Inv. no. 18761/10,Double-Sided Comb,مشط ذو أسنان من الجانبين,,,"Double-sided combs decorated with openwork designs, medallions, quincunxes, and ring-and-dot motifs, either recessed or flush with the surface. Handles are typically straight, though some examples feature a gentle curve or flare, or rounded finials.",أمشاط ذات أسنان من الجانبين تزدان بتصاميم مفرغة وجامات وأشكال خماسية وزخارف الحلقة والنقطة، سواء كانت غائرة أو مستوية مع السطح. وتأتى المقابض عادة مستقيمة، وإن كانت بعض النماذج تتميز بانحناءات أو أطراف متباعدة، أو حواف مستديرة.,,,W: 5.3 cm; H: 9.5 cm,العرض: ٥٫٩ سم، الارتفاع: ٩٫٧ سم,,,,,,,,,,,,,,,,,,,,,,,,,,,,,,,,,https://mia.nadimfoundation.org/q18761-10,"=IMAGE(""https://api.qrserver.com/v1/create-qr-code/?size=300x300&margin=8&color=06444C&bgcolor=EAE8D8&data=""&ENCODEURL(AS144))","Registered March 6, 1957",سجلت فى ٦ مارس ١٩٥٧,Submitted by Dr. Muhammad Mustafa,مقدمة من الدكتور محمد مصطفى,159,254
18761-11,Inv. no. 18761/11,Double-Sided Comb,مشط ذو أسنان من الجانبين,,,"Double-sided combs decorated with openwork designs, medallions, quincunxes, and ring-and-dot motifs, either recessed or flush with the surface. Handles are typically straight, though some examples feature a gentle curve or flare, or rounded finials.",أمشاط ذات أسنان من الجانبين تزدان بتصاميم مفرغة وجامات وأشكال خماسية وزخارف الحلقة والنقطة، سواء كانت غائرة أو مستوية مع السطح. وتأتى المقابض عادة مستقيمة، وإن كانت بعض النماذج تتميز بانحناءات أو أطراف متباعدة، أو حواف مستديرة.,,,W: 7.8 cm; H: 11.3 cm,العرض: ٧٫٨ سم، الارتفاع: ١١٫٣ سم,,,,,,,,,,,,,,,,,,,,,,,,,,,,,,,,,https://mia.nadimfoundation.org/q18761-11,"=IMAGE(""https://api.qrserver.com/v1/create-qr-code/?size=300x300&margin=8&color=06444C&bgcolor=EAE8D8&data=""&ENCODEURL(AS145))","Registered March 6, 1957",سجلت فى ٦ مارس ١٩٥٧,Submitted by Dr. Muhammad Mustafa,مقدمة من الدكتور محمد مصطفى,160,254
18761-12,Inv. no. 18761/12,Double-Sided Comb,مشط ذو أسنان من الجانبين,,,"Double-sided combs decorated with openwork designs, medallions, quincunxes, and ring-and-dot motifs, either recessed or flush with the surface. Handles are typically straight, though some examples feature a gentle curve or flare, or rounded finials.",أمشاط ذات أسنان من الجانبين تزدان بتصاميم مفرغة وجامات وأشكال خماسية وزخارف الحلقة والنقطة، سواء كانت غائرة أو مستوية مع السطح. وتأتى المقابض عادة مستقيمة، وإن كانت بعض النماذج تتميز بانحناءات أو أطراف متباعدة، أو حواف مستديرة.,,,W: 4.2 cm; H: 11.5 cm,العرض: ٤٫٢ سم، الإرتفاع: ١١٫٥ سم,,,,,,,,,,,,,,,,,,,,,,,,,,,,,,,,,https://mia.nadimfoundation.org/q18761-12,"=IMAGE(""https://api.qrserver.com/v1/create-qr-code/?size=300x300&margin=8&color=06444C&bgcolor=EAE8D8&data=""&ENCODEURL(AS146))","Registered March 6, 1957",سجلت فى ٦ مارس ١٩٥٧,Submitted by Dr. Muhammad Mustafa,مقدمة من الدكتور محمد مصطفى,161,254
18761-13,Inv. no. 18761/13,Double-Sided Comb,مشط ذو أسنان من الجانبين,,,"Double-sided combs decorated with openwork designs, medallions, quincunxes, and ring-and-dot motifs, either recessed or flush with the surface. Handles are typically straight, though some examples feature a gentle curve or flare, or rounded finials.",أمشاط ذات أسنان من الجانبين تزدان بتصاميم مفرغة وجامات وأشكال خماسية وزخارف الحلقة والنقطة، سواء كانت غائرة أو مستوية مع السطح. وتأتى المقابض عادة مستقيمة، وإن كانت بعض النماذج تتميز بانحناءات أو أطراف متباعدة، أو حواف مستديرة.,,,W: 4.3 cm; H: 7.5 cm,العرض: ٤٫٣ سم، الطول: ٧٫٥ سم,,,,,,,,,,,,,,,,,,,,,,,,,,,,,,,,,https://mia.nadimfoundation.org/q18761-13,"=IMAGE(""https://api.qrserver.com/v1/create-qr-code/?size=300x300&margin=8&color=06444C&bgcolor=EAE8D8&data=""&ENCODEURL(AS147))","Registered March 6, 1957",سجلت فى ٦ مارس ١٩٥٧,Submitted by Dr. Muhammad Mustafa,مقدمة من الدكتور محمد مصطفى,162,254
18761-14,Inv. no. 18761/14,Double-Sided Comb,مشط ذو أسنان من الجانبين,,,"Double-sided combs decorated with openwork designs, medallions, quincunxes, and ring-and-dot motifs, either recessed or flush with the surface. Handles are typically straight, though some examples feature a gentle curve or flare, or rounded finials.",أمشاط ذات أسنان من الجانبين تزدان بتصاميم مفرغة وجامات وأشكال خماسية وزخارف الحلقة والنقطة، سواء كانت غائرة أو مستوية مع السطح. وتأتى المقابض عادة مستقيمة، وإن كانت بعض النماذج تتميز بانحناءات أو أطراف متباعدة، أو حواف مستديرة.,,,W: 6 cm; H: 11.6 cm,العرض: ٦ سم، الطول: ١١٫٦ سم,,,,,,,,,,,,,,,,,,,,,,,,,,,,,,,,,https://mia.nadimfoundation.org/q18761-14,"=IMAGE(""https://api.qrserver.com/v1/create-qr-code/?size=300x300&margin=8&color=06444C&bgcolor=EAE8D8&data=""&ENCODEURL(AS148))","Registered March 6, 1957",سجلت فى ٦ مارس ١٩٥٧,Submitted by Dr. Muhammad Mustafa,مقدمة من الدكتور محمد مصطفى,163,254
18761-15,Inv. no. 18761/15,Double-Sided Comb,مشط ذو أسنان من الجانبين,,,"Double-sided combs decorated with openwork designs, medallions, quincunxes, and ring-and-dot motifs, either recessed or flush with the surface. Handles are typically straight, though some examples feature a gentle curve or flare, or rounded finials.",أمشاط ذات أسنان من الجانبين تزدان بتصاميم مفرغة وجامات وأشكال خماسية وزخارف الحلقة والنقطة، سواء كانت غائرة أو مستوية مع السطح. وتأتى المقابض عادة مستقيمة، وإن كانت بعض النماذج تتميز بانحناءات أو أطراف متباعدة، أو حواف مستديرة.,,,W: 6.4 cm; H: 11.9 cm,العرض: ٦٫٤ سم، الطول: ١١٫٩ سم,,,,,,,,,,,,,,,,,,,,,,,,,,,,,,,,,https://mia.nadimfoundation.org/q18761-15,"=IMAGE(""https://api.qrserver.com/v1/create-qr-code/?size=300x300&margin=8&color=06444C&bgcolor=EAE8D8&data=""&ENCODEURL(AS149))","Registered March 6, 1957",سجلت فى ٦ مارس ١٩٥٧,Submitted by Dr. Muhammad Mustafa,مقدمة من الدكتور محمد مصطفى,164,254
18761-16,Inv. no. 18761/16,Double-Sided Comb,مشط ذو أسنان من الجانبين,,,"Double-sided combs decorated with openwork designs, medallions, quincunxes, and ring-and-dot motifs, either recessed or flush with the surface. Handles are typically straight, though some examples feature a gentle curve or flare, or rounded finials.",أمشاط ذات أسنان من الجانبين تزدان بتصاميم مفرغة وجامات وأشكال خماسية وزخارف الحلقة والنقطة، سواء كانت غائرة أو مستوية مع السطح. وتأتى المقابض عادة مستقيمة، وإن كانت بعض النماذج تتميز بانحناءات أو أطراف متباعدة، أو حواف مستديرة.,,,W: 6.4 cm; H: 10.2 cm,العرض: ٦٫٤ سم، الطول: ١٠٫٢ سم,,,,,,,,,,,,,,,,,,,,,,,,,,,,,,,,,https://mia.nadimfoundation.org/q18761-16,"=IMAGE(""https://api.qrserver.com/v1/create-qr-code/?size=300x300&margin=8&color=06444C&bgcolor=EAE8D8&data=""&ENCODEURL(AS150))","Registered March 6, 1957",سجلت فى ٦ مارس ١٩٥٧,Submitted by Dr. Muhammad Mustafa,مقدمة من الدكتور محمد مصطفى,165,254
18761-17,Inv. no. 18761/17,Double-Sided Comb,مشط ذو أسنان من الجانبين,,,"Double-sided combs decorated with openwork designs, medallions, quincunxes, and ring-and-dot motifs, either recessed or flush with the surface. Handles are typically straight, though some examples feature a gentle curve or flare, or rounded finials.",أمشاط ذات أسنان من الجانبين تزدان بتصاميم مفرغة وجامات وأشكال خماسية وزخارف الحلقة والنقطة، سواء كانت غائرة أو مستوية مع السطح. وتأتى المقابض عادة مستقيمة، وإن كانت بعض النماذج تتميز بانحناءات أو أطراف متباعدة، أو حواف مستديرة.,,,W: 5.9 cm; H: 13.2 cm,العرض: ٥٫٩ سم، الطول: ١٣٫٢ سم,,,,,,,,,,,,,,,,,,,,,,,,,,,,,,,,,https://mia.nadimfoundation.org/q18761-17,"=IMAGE(""https://api.qrserver.com/v1/create-qr-code/?size=300x300&margin=8&color=06444C&bgcolor=EAE8D8&data=""&ENCODEURL(AS151))","Registered March 6, 1957",سجلت فى ٦ مارس ١٩٥٧,Submitted by Dr. Muhammad Mustafa,مقدمة من الدكتور محمد مصطفى,166,254
18761-19,Inv. no. 18761/19,Double-Sided Comb,مشط ذو أسنان من الجانبين,,,"Double-sided combs decorated with openwork designs, medallions, quincunxes, and ring-and-dot motifs, either recessed or flush with the surface. Handles are typically straight, though some examples feature a gentle curve or flare, or rounded finials.",أمشاط ذات أسنان من الجانبين تزدان بتصاميم مفرغة وجامات وأشكال خماسية وزخارف الحلقة والنقطة، سواء كانت غائرة أو مستوية مع السطح. وتأتى المقابض عادة مستقيمة، وإن كانت بعض النماذج تتميز بانحناءات أو أطراف متباعدة، أو حواف مستديرة.,,,W: 5.2 cm; H: 11.8 cm,العرض: ٥٫٢ سم، الطول: ١١٫٨ سم,,,,,,,,,,,,,,,,,,,,,,,,,,,,,,,,,https://mia.nadimfoundation.org/q18761-19,"=IMAGE(""https://api.qrserver.com/v1/create-qr-code/?size=300x300&margin=8&color=06444C&bgcolor=EAE8D8&data=""&ENCODEURL(AS152))","Registered March 6, 1957",سجلت فى ٦ مارس ١٩٥٧,Submitted by Dr. Muhammad Mustafa,مقدمة من الدكتور محمد مصطفى,167,254
18761-20,Inv. no. 18761/20,Double-Sided Comb,مشط ذو أسنان من الجانبين,,,"Double-sided combs decorated with openwork designs, medallions, quincunxes, and ring-and-dot motifs, either recessed or flush with the surface. Handles are typically straight, though some examples feature a gentle curve or flare, or rounded finials.",أمشاط ذات أسنان من الجانبين تزدان بتصاميم مفرغة وجامات وأشكال خماسية وزخارف الحلقة والنقطة، سواء كانت غائرة أو مستوية مع السطح. وتأتى المقابض عادة مستقيمة، وإن كانت بعض النماذج تتميز بانحناءات أو أطراف متباعدة، أو حواف مستديرة.,,,W: 3.2 cm; H: 10.5 cm,العرض: ٣٫٢ سم، الارتفاع: ١٠٫٥ سم,,,,,,,,,,,,,,,,,,,,,,,,,,,,,,,,,https://mia.nadimfoundation.org/q18761-20,"=IMAGE(""https://api.qrserver.com/v1/create-qr-code/?size=300x300&margin=8&color=06444C&bgcolor=EAE8D8&data=""&ENCODEURL(AS153))","Registered March 6, 1957",سجلت فى ٦ مارس ١٩٥٧,Submitted by Dr. Muhammad Mustafa,مقدمة من الدكتور محمد مصطفى,168,254
18761-21,Inv. no. 18761/21,Double-Sided Comb,مشط ذو أسنان من الجانبين,,,"Double-sided combs decorated with openwork designs, medallions, quincunxes, and ring-and-dot motifs, either recessed or flush with the surface. Handles are typically straight, though some examples feature a gentle curve or flare, or rounded finials.",أمشاط ذات أسنان من الجانبين تزدان بتصاميم مفرغة وجامات وأشكال خماسية وزخارف الحلقة والنقطة، سواء كانت غائرة أو مستوية مع السطح. وتأتى المقابض عادة مستقيمة، وإن كانت بعض النماذج تتميز بانحناءات أو أطراف متباعدة، أو حواف مستديرة.,,,W: 4.5 cm; H: 11.4 cm,العرض: ٤٫٥ سم، الطول: ١١٫٤ سم,,,,,,,,,,,,,,,,,,,,,,,,,,,,,,,,,https://mia.nadimfoundation.org/q18761-21,"=IMAGE(""https://api.qrserver.com/v1/create-qr-code/?size=300x300&margin=8&color=06444C&bgcolor=EAE8D8&data=""&ENCODEURL(AS154))","Registered March 6, 1957",سجلت فى ٦ مارس ١٩٥٧,Submitted by Dr. Muhammad Mustafa,مقدمة من الدكتور محمد مصطفى,169,254
18761-22,Inv. no. 18761/22,Double-Sided Comb,مشط ذو أسنان من الجانبين,,,"Double-sided combs decorated with openwork designs, medallions, quincunxes, and ring-and-dot motifs, either recessed or flush with the surface. Handles are typically straight, though some examples feature a gentle curve or flare, or rounded finials.",أمشاط ذات أسنان من الجانبين تزدان بتصاميم مفرغة وجامات وأشكال خماسية وزخارف الحلقة والنقطة، سواء كانت غائرة أو مستوية مع السطح. وتأتى المقابض عادة مستقيمة، وإن كانت بعض النماذج تتميز بانحناءات أو أطراف متباعدة، أو حواف مستديرة.,,,W: 3.9 cm; H: 8 cm,العرض: ٣٫٩ سم، الارتفاع: ٨ سم,,,,,,,,,,,,,,,,,,,,,,,,,,,,,,,,,https://mia.nadimfoundation.org/q18761-22,"=IMAGE(""https://api.qrserver.com/v1/create-qr-code/?size=300x300&margin=8&color=06444C&bgcolor=EAE8D8&data=""&ENCODEURL(AS155))","Registered March 6, 1957",سجلت فى ٦ مارس ١٩٥٧,Submitted by Dr. Muhammad Mustafa,مقدمة من الدكتور محمد مصطفى,170,254
18761-23,Inv. no. 18761/23,Double-Sided Comb,مشط ذو أسنان من الجانبين,,,"Double-sided combs decorated with openwork designs, medallions, quincunxes, and ring-and-dot motifs, either recessed or flush with the surface. Handles are typically straight, though some examples feature a gentle curve or flare, or rounded finials.",أمشاط ذات أسنان من الجانبين تزدان بتصاميم مفرغة وجامات وأشكال خماسية وزخارف الحلقة والنقطة، سواء كانت غائرة أو مستوية مع السطح. وتأتى المقابض عادة مستقيمة، وإن كانت بعض النماذج تتميز بانحناءات أو أطراف متباعدة، أو حواف مستديرة.,,,W: 3.1 cm; H: 12.1 cm,العرض: ٣٫١ سم، الارتفاع: ١٢٫١ سم,,,,,,,,,,,,,,,,,,,,,,,,,,,,,,,,,https://mia.nadimfoundation.org/q18761-23,"=IMAGE(""https://api.qrserver.com/v1/create-qr-code/?size=300x300&margin=8&color=06444C&bgcolor=EAE8D8&data=""&ENCODEURL(AS156))","Registered March 6, 1957",سجلت فى ٦ مارس ١٩٥٧,Submitted by Dr. Muhammad Mustafa,مقدمة من الدكتور محمد مصطفى,171,254
18761-24,Inv. no. 18761/24,Double-Sided Comb,مشط ذو أسنان من الجانبين,,,"Double-sided combs decorated with openwork designs, medallions, quincunxes, and ring-and-dot motifs, either recessed or flush with the surface. Handles are typically straight, though some examples feature a gentle curve or flare, or rounded finials.",أمشاط ذات أسنان من الجانبين تزدان بتصاميم مفرغة وجامات وأشكال خماسية وزخارف الحلقة والنقطة، سواء كانت غائرة أو مستوية مع السطح. وتأتى المقابض عادة مستقيمة، وإن كانت بعض النماذج تتميز بانحناءات أو أطراف متباعدة، أو حواف مستديرة.,,,W: 7.7 cm; H: 9.3 cm,العرض: ٧٫٧ سم، الطول: ٩٫٣ سم,,,,,,,,,,,,,,,,,,,,,,,,,,,,,,,,,https://mia.nadimfoundation.org/q18761-24,"=IMAGE(""https://api.qrserver.com/v1/create-qr-code/?size=300x300&margin=8&color=06444C&bgcolor=EAE8D8&data=""&ENCODEURL(AS157))","Registered March 6, 1957",سجلت فى ٦ مارس ١٩٥٧,Submitted by Dr. Muhammad Mustafa,مقدمة من الدكتور محمد مصطفى,172,254
4948,Inv. no. 4948,Double-Sided Comb,مشط ذو أسنان من الجانبين,From the ruins of al-Fustat,من آثار الفسطاط,"Part of a wooden comb, decorated with differing designs on both faces: one face bears a linear composition of intertwined geometric and vegetal designs, while the other is decorated with a sunken rectangle with rounded finials, and half a sunken medallion.",جزء من مشط خشبى مزين بزخارف مختلفة على كلا الوجهين، ويحمل أحد الوجهين تكوينا خطيا من زخارف هندسية ونباتية متداخلة، بينما يزدان الوجه الآخر بمستطيل غائر ذى نهايات مستديرة، ونصف جامة غائرة.,,,W: 6 cm; H: 9.5 cm,العرض: ٦ سم، الطول: ٩٫٥ سم,,,,,,,,,,,,,,,,,,,,,,,,,,,,,,,,,https://mia.nadimfoundation.org/q4948,"=IMAGE(""https://api.qrserver.com/v1/create-qr-code/?size=300x300&margin=8&color=06444C&bgcolor=EAE8D8&data=""&ENCODEURL(AS158))",,,,,,270
4949,Inv. no. 4949,Double-Sided Comb,مشط ذو أسنان من الجانبين,From the ruins of al-Fustat,من آثار الفسطاط,"Half a wooden comb decorated with edge-to-edge medallions with inscribed hexagons and six-petalled flowers. The larger set of teeth alternate in depth, creating a subtle rhythmic effect.",نصف مشط خشبى مزخرف بجامات متلاصقة تمتد من حافة إلى أخرى، تضم مثمنات منقوشة وزهورا سداسية البتلات، وتتناوب الأسنان الأكبر حجما فى عمقها، مما يحدث إيقاعا بصريا خفيفا.,,,W: 7.1 cm; H: 11.3 cm,العرض: ٧٫١ سم، الطول: ١١٫٣ سم,,,,,,,,,,,,,,,,,,,,,,,,,,,,,,,,,https://mia.nadimfoundation.org/q4949,"=IMAGE(""https://api.qrserver.com/v1/create-qr-code/?size=300x300&margin=8&color=06444C&bgcolor=EAE8D8&data=""&ENCODEURL(AS159))",,,,,,271
4950,Inv. no. 4950,Double-Sided Comb,مشط ذو أسنان من الجانبين,From the ruins of al-Fustat,من آثار الفسطاط,Part of a wooden comb decorated with large upright trefoils inscribed under the arches of an undulating vine scrolls.,جزء من مشط خشبى يزين بثلاثيات أوراق قائمة كبيرة، منقوشة تحت أقواس ساق نباتية متموجة.,,,W: 6.6 cm; H: 9.8 cm,العرض: ٦٫٦ سم، الطول: ٩٫٨ سم,,,,,,,,,,,,,,,,,,,,,,,,,,,,,,,,,https://mia.nadimfoundation.org/q4950,"=IMAGE(""https://api.qrserver.com/v1/create-qr-code/?size=300x300&margin=8&color=06444C&bgcolor=EAE8D8&data=""&ENCODEURL(AS160))",,,,,,272
6120-2,Inv. no. 6120/2,Double-Sided Comb,مشط ذو أسنان من الجانبين,,,"Wooden comb with a central band with prominent vegetal arabesques carved in a style reminiscent of the so-called bevelled-style, or Samarra C.",مشط خشبى يتوسطه شريط بزخارف أرابيسك نباتية بارزة، تم حفره بما يعرف بــ«الأسلوب المائل» أو «سامراء (ج)».,,,W: 9.2 cm; H: 10.6 cm,العرض: ٩٫٢ سم، الطول: ١٠٫٦ سم,,,,,,,,,,,,,,,,,,,,,,,,,,,,,,,,,https://mia.nadimfoundation.org/q6120-2,"=IMAGE(""https://api.qrserver.com/v1/create-qr-code/?size=300x300&margin=8&color=06444C&bgcolor=EAE8D8&data=""&ENCODEURL(AS161))","Registered June 7, 1922",سجل فى ٧ يونيو ١٩٥٧,Purchased from the Makufiyas Brothers,مشترى من الإخوة مكوفياس,,273
9015,Inv. no. 9015,Double-Sided Comb,مشط ذو أسنان من الجانبين,,,"Wooden comb, decorated on both sides with abstract undulating designs, or perhaps pseudo-calligraphy, carved in relief and surrounded by a simple geometric border band.",مشط خشبى مزخرف على الجانبين بتصاميم متموجة أو ربما بزخارف تشبه الخط العربى، به حفر بارز ومحاط بإطار من زخارف هندسية بسيطة.,,,W: 11.8 cm; H: 10.3 cm,العرض: ١١٫٨ سم، الطول: ١٠٫٣ سم,,,,,,,,,,,,,,,,,,,,,,,,,,,,,,,,,https://mia.nadimfoundation.org/q9015,"=IMAGE(""https://api.qrserver.com/v1/create-qr-code/?size=300x300&margin=8&color=06444C&bgcolor=EAE8D8&data=""&ENCODEURL(AS162))","Registered January 14, 1930",سجل فى ١٤ يناير ١٩٣٠,Gifted by Nicolas G. or Phokion J. Tano,مهدى من نيكولا ج. أو فوكيون ج. تانو,,274
18765-8,Inv. no. 18765/8,Double-Sided Comb,مشط ذو أسنان من الجانبين,,,Section of a wooden comb carved on both sides with edge-to-edge medallions with inscribed hexagons and six-petalled flowers.,جزء من مشط خشبى محفور على كلا الوجهين بجامات متلاصقة من الحافة إلى الحافة، ويضم مسدسات منقوشة وزهورا سداسية البتلات.,,,W: 4.2 cm; H: 10.4 cm,العرض: ٤٫٢ سم، الطول: ١٠٫٤ سم,,,,,,,,,,,,,,,,,,,,,,,,,,,,,,,,,https://mia.nadimfoundation.org/q18765-8,"=IMAGE(""https://api.qrserver.com/v1/create-qr-code/?size=300x300&margin=8&color=06444C&bgcolor=EAE8D8&data=""&ENCODEURL(AS163))","Registered March 6, 1957",سجل فى ٦ مارس ١٩٥٧,Submitted by Dr. Muhammad Mustafa,مقدم من الدكتور محمد مصطفى,,275
4955,Inv. no. 4955,Double-Sided Comb,مشط ذو أسنان من الجانبين,From the ruins of al-Fustat,من آثار الفسطاط,"Half a wooden comb decorated on both sides with a prominent fish, carved in relief, with scales and eyes represented by ring-and-dot motifs.",نصف مشط خشبى مزخرف على كلا الوجهين بنقوش بارزة على شكل سمكة، وتتشكل العيون والحراشف من زخارف الحلقة والنقطة.,,,W: 5.7 cm; H: 9 cm,العرض: ٥٫٧ سم، الطول: ٩ سم,,,,,,,,,,,,,,,,,,,,,,,,,,,,,,,,,https://mia.nadimfoundation.org/q4955,"=IMAGE(""https://api.qrserver.com/v1/create-qr-code/?size=300x300&margin=8&color=06444C&bgcolor=EAE8D8&data=""&ENCODEURL(AS164))",,,,,,277
4956,Inv. no. 4956,Double-Sided Comb,مشط ذو أسنان من الجانبين,From the ruins of al-Fustat,من آثار الفسطاط,"Half a wooden comb decorated on both sides with a rabbit or hare, carved in relief.",نصف مشط خشبى مزخرف على الوجهين، بنقوش بارزة على شكل أرنب أو أرنب برى.,,,W: 5.2 cm; H: 10 cm,العرض: ٥٫٢ سم، الطول: ١٠ سم,,,,,,,,,,,,,,,,,,,,,,,,,,,,,,,,,https://mia.nadimfoundation.org/q4956,"=IMAGE(""https://api.qrserver.com/v1/create-qr-code/?size=300x300&margin=8&color=06444C&bgcolor=EAE8D8&data=""&ENCODEURL(AS165))",,,,,,278
4957,Inv. no. 4957,Double-Sided Comb,مشط ذو أسنان من الجانبين,From the ruins of al-Fustat,من آثار الفسطاط,"Half a wooden comb decorated on both sides with a rabbit or hare and a bird-of-prey, carved in relief.",نصف مشط خشبى مزخرف على الوجهين بنقوش بارزة، حيث تصور أرنبا وطيرا جارحا.,,,W: 3.2 cm; H: 8.2 cm,العرض: ٣٫٢ سم، الطول: ٨٫٢ سم,,,,,,,,,,,,,,,,,,,,,,,,,,,,,,,,,https://mia.nadimfoundation.org/q4957,"=IMAGE(""https://api.qrserver.com/v1/create-qr-code/?size=300x300&margin=8&color=06444C&bgcolor=EAE8D8&data=""&ENCODEURL(AS166))",,,,,,278
18763-1,Inv. no. 18763/1,Double-Sided Comb,مشط ذو أسنان من الجانبين,,,"Half a wooden comb decorated on both sides with fish facing the same direction, carved in relief. The eyes and scales are represented by rings-and-dots.",نصف مشط خشبى مزخرف على كلا الوجهين بنقوش بارزة على شكل أسماك تصطف فى اتجاه واحد، وتتشكل العيون والحراشف من زخارف الحلقة والنقطة.,,,W: 6.5 cm; H: 10.5 cm,العرض: ٦٫٥ سم، الطول: ١٠٫٥ سم,,,,,,,,,,,,,,,,,,,,,,,,,,,,,,,,,https://mia.nadimfoundation.org/q18763-1,"=IMAGE(""https://api.qrserver.com/v1/create-qr-code/?size=300x300&margin=8&color=06444C&bgcolor=EAE8D8&data=""&ENCODEURL(AS167))",,,Submitted by Dr. Muhammad Mustafa,مقدم من الدكتور محمد مصطفى,,279
18763-2,Inv. no. 18763/2,Double-Sided Comb,مشط ذو أسنان من الجانبين,,,"Half a wooden comb decorated on both sides with a partially-preserved eagle, carved in relief.",نصف مشط خشبى مزخرف على كلا الوجهين بنقش بارز على شكل نسر محتفظا بهيئته.,,,W: 4.9 cm; H: 10.8 cm,العرض: ٤٫٩ سم، الطول: ١٠٫٨ سم,,,,,,,,,,,,,,,,,,,,,,,,,,,,,,,,,https://mia.nadimfoundation.org/q18763-2,"=IMAGE(""https://api.qrserver.com/v1/create-qr-code/?size=300x300&margin=8&color=06444C&bgcolor=EAE8D8&data=""&ENCODEURL(AS168))",,,Submitted by Dr. Muhammad Mustafa,مقدم من الدكتور محمد مصطفى,,279
37773,Inv. no. 37773,Double-Sided Comb,مشط ذو أسنان من الجانبين,Recovered from the felonies of el-Nuzha (Case No. 9224/92),مضبوطات قسم النزهة (القضية رقم ٩٢٢٤/٩٢),"Section of a wooden comb, partially preserved, decorated with openwork designs in the form of two twin horseshoe arches with a colonette between them.",جزء من مشط خشبى يحتفظ بهيئته، بزخارف مفرغة تتكون من عقدين متجاورين على هيئة حدوة حصان يتوسطهما عمود صغير.,,,W: 3.8 cm; H: 6.5 cm,العرض: ٣٫٨ سم، الطول: ٦٫٥ سم,,,,,,,,,,,,,,,,,,,,,,,,,,,,,,,,,https://mia.nadimfoundation.org/q37773,"=IMAGE(""https://api.qrserver.com/v1/create-qr-code/?size=300x300&margin=8&color=06444C&bgcolor=EAE8D8&data=""&ENCODEURL(AS169))","Registered July 15, 1955",سجل فى ١٥ يوليو ١٩٥٥,,,,281
